"動物編號","收容日期","收容園區","收容原因","來源區域","性別","來源地點","毛色毛長","晶片號碼","動物種類","犬牌編號","其他特徵","照片"
"10406026013","2015-06-02","后里園區","飼主不擬續養","南屯區","母","自行送交","黑虎斑","","混種犬","","","https://g0v.github.io/animal.coa/%E8%87%BA%E4%B8%AD%E5%B8%82/2015-06-03/a1d7edabe1c042c4ec291bf29a44dbab9da25bf3.jpg"
"10406026012","2015-06-02","后里園區","陳情","清水區","母","鎮南街","黃色","","混種犬","","","https://g0v.github.io/animal.coa/%E8%87%BA%E4%B8%AD%E5%B8%82/2015-06-03/6beadabec47bbef674f8a22932a93e4c6d4d6dbd.jpg"
"10406026011","2015-06-02","后里園區","陳情","外埔區","公","新厝路","黑色","","混種犬","","灰紫色項圈","https://g0v.github.io/animal.coa/%E8%87%BA%E4%B8%AD%E5%B8%82/2015-06-03/b099bf8e7e968a1df9635941563d83726e636fc1.jpg"
"10406026010","2015-06-02","后里園區","陳情","清水區","公","大街路","黑米","","混種犬","","紅色項圈","https://g0v.github.io/animal.coa/%E8%87%BA%E4%B8%AD%E5%B8%82/2015-06-03/c24246807fbfe9b405d360a7889c4dce53bc9ce1.jpg"
"10406026009","2015-06-02","后里園區","陳情","大安區","母","中山南路","黑色","","混種犬","","","https://g0v.github.io/animal.coa/%E8%87%BA%E4%B8%AD%E5%B8%82/2015-06-03/1994fc934910fc76db430f835f187ac2432dba3a.jpg"
"10406026008","2015-06-02","后里園區","陳情","外埔區","公","長生路","黃色","","貓","","","https://g0v.github.io/animal.coa/%E8%87%BA%E4%B8%AD%E5%B8%82/2015-06-03/4c67c9b46f4b942191a98ceda8a09947e2af7104.jpg"
"10406026007","2015-06-02","后里園區","陳情","清水區","母","中山路","黑黃","","似狼犬","","","https://g0v.github.io/animal.coa/%E8%87%BA%E4%B8%AD%E5%B8%82/2015-06-03/918b562a666f97bdb00ca13320225f47f14ba5ec.jpg"
"10406026006","2015-06-02","后里園區","陳情","豐原區","母","朴子街","黑米","","混種犬","","鐵鍊","https://g0v.github.io/animal.coa/%E8%87%BA%E4%B8%AD%E5%B8%82/2015-06-03/a43354ac0b1a8c50456a301f2c3ab64a4359141d.jpg"
"10406026005","2015-06-02","后里園區","陳情","大雅區","公","中清路","黑色","","混種犬","","白胸","https://g0v.github.io/animal.coa/%E8%87%BA%E4%B8%AD%E5%B8%82/2015-06-03/20d4469b827837d8e34c824ba85337f8788de1df.jpg"
"10406026004","2015-06-02","后里園區","陳情","神岡區","母","厚生路","虎斑","","混種犬","","","https://g0v.github.io/animal.coa/%E8%87%BA%E4%B8%AD%E5%B8%82/2015-06-03/c99e12ddbdaf2b295630958125c0c1a73c03219e.jpg"
"10406026003","2015-06-02","后里園區","陳情","大雅區","母","昌平路","黑色","","混種犬","","紅黑項圈","https://g0v.github.io/animal.coa/%E8%87%BA%E4%B8%AD%E5%B8%82/2015-06-03/509f3056174844169d3dd1fab83881361cc0fe2c.jpg"
"10406026002","2015-06-02","后里園區","陳情","大安區","母","東西五路","黑色","","混種犬","","","https://g0v.github.io/animal.coa/%E8%87%BA%E4%B8%AD%E5%B8%82/2015-06-03/e86be5f4ad4ec35a95beff17bab0d431edc17606.jpg"
"10406026001","2015-06-02","后里園區","急難救助","清水區","公","五權東路","黃白","","混種犬","","","https://g0v.github.io/animal.coa/%E8%87%BA%E4%B8%AD%E5%B8%82/2015-06-03/c9d0215d5bc39124403d99512c2bb4b106805f45.jpg"
"10406020019","2015-06-02","南屯園區","民眾拾獲","龍井區","","沙田路","粉紅黑","","似麝香豬","","","https://g0v.github.io/animal.coa/%E8%87%BA%E4%B8%AD%E5%B8%82/2015-06-03/4a8edae01427b41dded0757ac42876e54b78e421.jpg"
"10406020018","2015-06-02","南屯園區","飼主不擬續養 ","北屯區","母","松竹路3段與梅川東路五段","黑色","","混種犬","","","https://g0v.github.io/animal.coa/%E8%87%BA%E4%B8%AD%E5%B8%82/2015-06-03/e5e3efd2b1dc37512b2f620555e83cb8d1711118.jpg"
"10406020017","2015-06-02","南屯園區","飼主不擬續養 ","龍井區","公","自行送交","白色","","混種犬","","","https://g0v.github.io/animal.coa/%E8%87%BA%E4%B8%AD%E5%B8%82/2015-06-03/1a0209c722768afde6eb42aa79c866726c343574.jpg"
"10406020016","2015-06-02","南屯園區","飼主不擬續養 ","西區","母","自行送交","黃白","","混種犬","","","https://g0v.github.io/animal.coa/%E8%87%BA%E4%B8%AD%E5%B8%82/2015-06-03/d84111348154b0fa6619e4d26f68096f2828562f.jpg"
"10406020015","2015-06-02","南屯園區","飼主不擬續養 ","西區","母","自行送交","黑白","","混種犬","","","https://g0v.github.io/animal.coa/%E8%87%BA%E4%B8%AD%E5%B8%82/2015-06-03/14726100772e283782618a6edf24b6443de4570d.jpg"
"10406020014","2015-06-02","南屯園區","陳情","龍井區","公","沙田路6段","黑色","","混種犬","","綠項圈","https://g0v.github.io/animal.coa/%E8%87%BA%E4%B8%AD%E5%B8%82/2015-06-03/4c9c6c1d60abd6d02256c5242f9307e27cbe42d1.jpg"
"10406020013","2015-06-02","南屯園區","陳情","大里區","母","國中路","黑白","","貓","","","https://g0v.github.io/animal.coa/%E8%87%BA%E4%B8%AD%E5%B8%82/2015-06-03/ae866f10e5da986a58b5ffb9f2cc6403ab3f78ca.jpg"
"10406020012","2015-06-02","南屯園區","急難救助","北區","母","五順路","三花","","貓","","","https://g0v.github.io/animal.coa/%E8%87%BA%E4%B8%AD%E5%B8%82/2015-06-03/97e0bd8830b24af5cebe226bbeb19c745d7fd0e4.jpg"
"10406020011","2015-06-02","南屯園區","陳情","北屯區","母","北坑巷","黑白","","貓","","","https://g0v.github.io/animal.coa/%E8%87%BA%E4%B8%AD%E5%B8%82/2015-06-03/35c32847eeef49f5f1440f1f6f16e35bcaf1e849.jpg"
"10406020010","2015-06-02","南屯園區","陳情","北屯區","公","東山路一段","黃白","","混種犬","","黑項圈","https://g0v.github.io/animal.coa/%E8%87%BA%E4%B8%AD%E5%B8%82/2015-06-03/e0ba58c64a869e60a1651bf590b57c4b231f1838.jpg"
"10406020009","2015-06-02","南屯園區","陳情","北屯區","公","東山路一段","米色","","混種犬","","","https://g0v.github.io/animal.coa/%E8%87%BA%E4%B8%AD%E5%B8%82/2015-06-03/7ef5798ed87737baba6c4c0cec78c4d4c81ba676.jpg"
"10406020008","2015-06-02","南屯園區","飼主不擬續養","北屯區","公","自行送交","黑棕","","混種犬","","","https://g0v.github.io/animal.coa/%E8%87%BA%E4%B8%AD%E5%B8%82/2015-06-03/c0b7d170f64360dbe7b77ce141878bb7dbc8de80.jpg"
"10406020007","2015-06-02","南屯園區","飼主不擬續養","北屯區","母","自行送交","黑白","","混種犬","","","https://g0v.github.io/animal.coa/%E8%87%BA%E4%B8%AD%E5%B8%82/2015-06-03/4156ad4c86ec93871105439740d1c988fc6ab5c3.jpg"
"10406020006","2015-06-02","南屯園區","陳情","龍井區","母","中央路2段","黑色","","混種犬","","","https://g0v.github.io/animal.coa/%E8%87%BA%E4%B8%AD%E5%B8%82/2015-06-03/4c2cddf28435fdb9116b85ed93f9d14be55b7399.jpg"
"10406020005","2015-06-02","南屯園區","陳情","霧峰區","公","吉峰東路","虎斑","","混種犬","","","https://g0v.github.io/animal.coa/%E8%87%BA%E4%B8%AD%E5%B8%82/2015-06-03/35058163b5dd0cfd7f31a276e96653af422b4f9c.jpg"
"10406020004","2015-06-02","南屯園區","民眾拾獲","沙鹿區","母","靜宜宿舍停車場旁","虎斑","","貓","","","https://g0v.github.io/animal.coa/%E8%87%BA%E4%B8%AD%E5%B8%82/2015-06-03/548d8929505e2f0d6e66264f98125070792dc30d.jpg"
"10406020003","2015-06-02","南屯園區","陳情","龍井區","母","瑞井派出所","黑色","","混種犬","","","https://g0v.github.io/animal.coa/%E8%87%BA%E4%B8%AD%E5%B8%82/2015-06-03/2f7f0a0ba25f19227b6e1c1e2163deb0c3036ef4.jpg"
"10406020002","2015-06-02","南屯園區","陳情","南屯區","公","黎明路2段","黑白","*057*125","混種犬","","","https://g0v.github.io/animal.coa/%E8%87%BA%E4%B8%AD%E5%B8%82/2015-06-03/88652f184ed29561f7619c16b2315b13a1c2f1c1.jpg"
"10406020001","2015-06-02","南屯園區","急難救助","烏日區","公","光德路","黑棕","","混種犬","","","https://g0v.github.io/animal.coa/%E8%87%BA%E4%B8%AD%E5%B8%82/2015-06-03/65a64ecf8f99c5a926fa4e6d2f7c8753db487fd7.jpg"
"10406016011","2015-06-01","后里園區","陳情","潭子區","母","大豐路","黑色","","貓","","","https://g0v.github.io/animal.coa/%E8%87%BA%E4%B8%AD%E5%B8%82/2015-06-03/16a71ccfc241c0f73052b053dc2fbde26a96e9c2.jpg"
"10406016010","2015-06-01","后里園區","陳情","新社區","母","龍安街","黃色","","混種犬","","","https://g0v.github.io/animal.coa/%E8%87%BA%E4%B8%AD%E5%B8%82/2015-06-03/b3091ac1d55e3dfa55b4e1d71a2fbc3540742f19.jpg"
"10406016009","2015-06-01","后里園區","陳情","東勢區","公","粵寧街","棕色","","混種犬","","","https://g0v.github.io/animal.coa/%E8%87%BA%E4%B8%AD%E5%B8%82/2015-06-03/f5c6d900ffcf5b854543b10c6023fef318adbf33.jpg"
"10406016008","2015-06-01","后里園區","陳情","豐原區","母","信義街","三花","","貓","","","https://g0v.github.io/animal.coa/%E8%87%BA%E4%B8%AD%E5%B8%82/2015-06-03/4fd16d8e0fe72700af5a1654a176e6ab776da388.jpg"
"10406016007","2015-06-01","后里園區","陳情","大雅區","母","昌平路","咖啡","","似臘腸","","","https://g0v.github.io/animal.coa/%E8%87%BA%E4%B8%AD%E5%B8%82/2015-06-03/04b8f528de61016e6092118bd4f9d94b246b52e2.jpg"
"10406016006","2015-06-01","后里園區","陳情","大雅區","母","神林路","米色","","混種犬","","","https://g0v.github.io/animal.coa/%E8%87%BA%E4%B8%AD%E5%B8%82/2015-06-03/6b2c6e2809b1be711fb8ad2a40b78edfb16f4bad.jpg"
"10406016005","2015-06-01","后里園區","陳情","后里區","母","福興路","棕色","","混種犬","","籃色項圈","https://g0v.github.io/animal.coa/%E8%87%BA%E4%B8%AD%E5%B8%82/2015-06-03/68280812ad0373fb46e4771427fdf783be0b3c42.jpg"
"10406016004","2015-06-01","后里園區","陳情","后里區","母","福興路","黑色","","混種犬","","黃項圈","https://g0v.github.io/animal.coa/%E8%87%BA%E4%B8%AD%E5%B8%82/2015-06-03/75d39dbce8c752bbffb99f08875107d18cfc1bb1.jpg"
"10406016003","2015-06-01","后里園區","陳情","后里區","母","福興路","棕色","","混種犬","","藍黑項圈","https://g0v.github.io/animal.coa/%E8%87%BA%E4%B8%AD%E5%B8%82/2015-06-03/823798e6ffc29dc1bc654af046b094480b7af8e0.jpg"
"10406016002","2015-06-01","后里園區","陳情","后里區","母","福興路","黑色","","混種犬","","土色項圈","https://g0v.github.io/animal.coa/%E8%87%BA%E4%B8%AD%E5%B8%82/2015-06-03/91fd0c8cb23392bb730175aaa8900f3a4f8d3817.jpg"
"10406016001","2015-06-01","后里園區","飼主不擬續養","豐原區","公","自行送交","黑白","","混種犬","","已絕育","https://g0v.github.io/animal.coa/%E8%87%BA%E4%B8%AD%E5%B8%82/2015-06-03/c06f5f72258c2370f33371a7bf92b60835a98fe3.jpg"
"10406010015","2015-06-01","南屯園區","陳情","西屯區","母","工業33路","黑白","","貓","","","https://g0v.github.io/animal.coa/%E8%87%BA%E4%B8%AD%E5%B8%82/2015-06-03/8adbee24805b8750326c968d0e08e6550f2ab15e.jpg"
"10406010014","2015-06-01","南屯園區","民眾拾獲","西屯區","公","福上巷","棕色","","混種犬","","","https://g0v.github.io/animal.coa/%E8%87%BA%E4%B8%AD%E5%B8%82/2015-06-03/1624ca96ce67b920a3af59ae137912ca3214c7d7.jpg"
"10406010013","2015-06-01","南屯園區","陳情","梧棲區","母","經一路","黃白","","混種犬","","","https://g0v.github.io/animal.coa/%E8%87%BA%E4%B8%AD%E5%B8%82/2015-06-03/4bcd693cfd8b31e2916e91aac95dcfd3c8aea4d2.jpg"
"10406010012","2015-06-01","南屯園區","陳情","南屯區","母","春社派出所","灰棕","","混種犬","","","https://g0v.github.io/animal.coa/%E8%87%BA%E4%B8%AD%E5%B8%82/2015-06-03/d3fc92384b021734bceaaff097cb0a1706b1eb74.jpg"
"10406010011","2015-06-01","南屯園區","陳情","南屯區","母","五權西路2段","三花","","貓","","","https://g0v.github.io/animal.coa/%E8%87%BA%E4%B8%AD%E5%B8%82/2015-06-03/90d9c01b8166c128aad9e1bce65ac401fb0f016e.jpg"
"10406010010","2015-06-01","南屯園區","急難救助","西區","公","五權8街","白色","","混種犬","","104/06/02飼主領回","https://g0v.github.io/animal.coa/%E8%87%BA%E4%B8%AD%E5%B8%82/2015-06-03/8703b17e14b7b1ffe7e7744ec4233f5452a6d5cb.jpg"
"10406010009","2015-06-01","南屯園區","陳情","北區","母","原子街","黃棕","","貓","","","https://g0v.github.io/animal.coa/%E8%87%BA%E4%B8%AD%E5%B8%82/2015-06-03/91dfca9cbad532d99f18c85e0b04510860b87b89.jpg"
"10406010008","2015-06-01","南屯園區","陳情","太平區","母","永平路3段","棕色","","混種犬","","","https://g0v.github.io/animal.coa/%E8%87%BA%E4%B8%AD%E5%B8%82/2015-06-03/28fe30aac5537ead146afef2f4d2e74c461f9c4d.jpg"
"10406010007","2015-06-01","南屯園區","陳情","太平區","公","中山路2段","黃色","","似臘腸犬","","","https://g0v.github.io/animal.coa/%E8%87%BA%E4%B8%AD%E5%B8%82/2015-06-03/558b0b2f816a0e52446de703c3ba39435191fa3e.jpg"
"10406010006","2015-06-01","南屯園區","陳情","北屯區","母","太原路3段","黃色","","混種犬","","","https://g0v.github.io/animal.coa/%E8%87%BA%E4%B8%AD%E5%B8%82/2015-06-03/46adc1769900e32b3460498e160a27436e1497bd.jpg"
"10406010005","2015-06-01","南屯園區","陳情","大里區","母","國中路","三花","","貓","","","https://g0v.github.io/animal.coa/%E8%87%BA%E4%B8%AD%E5%B8%82/2015-06-03/56b0603d498b17760f8f14d49845fbeb651ba754.jpg"
"10406010004","2015-06-01","南屯園區","陳情","大里區","公","中興路一段","黑色","","混種犬","","","https://g0v.github.io/animal.coa/%E8%87%BA%E4%B8%AD%E5%B8%82/2015-06-03/ccf851f88734f2734ae1861a3ad671c21937ecb3.jpg"
"10406010003","2015-06-01","南屯園區","陳情","大肚區","公","沙田路3段","黑虎斑","","貓","","","https://g0v.github.io/animal.coa/%E8%87%BA%E4%B8%AD%E5%B8%82/2015-06-03/bdce3b800f0cd8d48ff54570ef58741bacd62169.jpg"
"10406010002","2015-06-01","南屯園區","急難救助","北屯區","公","北屯路","米色","","混種犬","","","https://g0v.github.io/animal.coa/%E8%87%BA%E4%B8%AD%E5%B8%82/2015-06-03/1b3b84cd50a890f566357f4f9b7aa8e719711098.jpg"
"10406010001","2015-06-01","南屯園區","陳情","北屯區","母","北屯路","黃白","","混種犬","","棕項圈+銅鈴鐺","https://g0v.github.io/animal.coa/%E8%87%BA%E4%B8%AD%E5%B8%82/2015-06-03/9c87b907cf9f980a3198eb60cdc2f0e985ca1425.jpg"
"10405310006","2015-05-31","南屯園區","陳情","大肚區","母","沙田路3段","三花","","貓","","","https://g0v.github.io/animal.coa/%E8%87%BA%E4%B8%AD%E5%B8%82/2015-06-03/39b62aff5ffba9c3e820bbc4f4b6bdc833db793c.jpg"
"10405310005","2015-05-31","南屯園區","陳情","太平區","公","太和路一段","黑色","","混種犬","","","https://g0v.github.io/animal.coa/%E8%87%BA%E4%B8%AD%E5%B8%82/2015-06-03/4e44e86a392abcfdbe82782991f26863b114b7f0.jpg"
"10405310004","2015-05-31","南屯園區","陳情","南區","公","建國北路2段","黑色","","混種犬","","藍項圈","https://g0v.github.io/animal.coa/%E8%87%BA%E4%B8%AD%E5%B8%82/2015-06-03/07186800eba53dc9191637b1f19686f5f6a043f0.jpg"
"10405310003","2015-05-31","南屯園區","陳情","大肚區","","沙田路3段(大肚分駐所)","灰","","似鸚鵡","","104/06/02飼主領回","https://g0v.github.io/animal.coa/%E8%87%BA%E4%B8%AD%E5%B8%82/2015-06-03/10e8f5eda5f45b2ee7ca26a378cd55b806a68eb3.jpg"
"10405310002","2015-05-31","南屯園區","陳情","沙鹿區","母","三民路","棕色","","混種犬","","","https://g0v.github.io/animal.coa/%E8%87%BA%E4%B8%AD%E5%B8%82/2015-06-03/6dbebb41aa009b2abbf65f4d118bbedde96125ef.jpg"
"10405310001","2015-05-31","南屯園區","陳情","北屯區","公","松竹路2段","白色","900138000393***","混種犬","","綠背帶/104/05/31飼主領回","https://g0v.github.io/animal.coa/%E8%87%BA%E4%B8%AD%E5%B8%82/2015-06-03/b0422ba1a224c43b85654daeeeb99296095d8e30.jpg"
"10405306005","2015-05-30","后里園區","陳情","東勢區","母","東坑路","黑色","","混種犬","","","https://g0v.github.io/animal.coa/%E8%87%BA%E4%B8%AD%E5%B8%82/2015-06-03/3127a9c1654d51e4349a40871123923c6f3736da.jpg"
"10405306004","2015-05-30","后里園區","陳情","豐原區","母","水源路","黑色","152173***A","混種犬","","104/06/01飼主領回","https://g0v.github.io/animal.coa/%E8%87%BA%E4%B8%AD%E5%B8%82/2015-06-03/b8800a69bcff1c0dbd503d4aa393208e68bb59e2.jpg"
"10405306003","2015-05-30","后里園區","陳情","豐原區","母","田心路","虎斑","","混種犬","102B097***","
紅黑項圈","https://g0v.github.io/animal.coa/%E8%87%BA%E4%B8%AD%E5%B8%82/2015-06-03/bf9f01c23bb3d96c1598c0e9fe8ca7f0e67753cd.jpg"
"10405306002","2015-05-30","后里園區","陳情","新社區","公","龍安街","棕色","","混種犬","","綠黑項圈","https://g0v.github.io/animal.coa/%E8%87%BA%E4%B8%AD%E5%B8%82/2015-06-03/415fcd1232b06e7c6523fd7afcf7395bca10c929.jpg"
"10405306001","2015-05-30","后里園區","陳情","外埔區","母","長生路","白虎斑","","貓","","","https://g0v.github.io/animal.coa/%E8%87%BA%E4%B8%AD%E5%B8%82/2015-06-03/c1d5ccbce1f8a1dd2e9662a9bda38d2546b27cbc.jpg"
"10405300012","2015-05-30","南屯園區","急難救助","太平區","公","長安路","虎斑","","貓","","","https://g0v.github.io/animal.coa/%E8%87%BA%E4%B8%AD%E5%B8%82/2015-06-03/6a7c4bccac603dfbc7061f75836e362981e932e5.jpg"
"10405300011","2015-05-30","南屯園區","飼主不擬續養","太平區","公","自行送交","黃白","","混種犬","","","https://g0v.github.io/animal.coa/%E8%87%BA%E4%B8%AD%E5%B8%82/2015-06-03/d6e361227ade05f6979f0cd10671725584ed4d79.jpg"
"10405300010","2015-05-30","南屯園區","民眾拾獲","西屯區","公","都會公園","棕色","","貴賓","","","https://g0v.github.io/animal.coa/%E8%87%BA%E4%B8%AD%E5%B8%82/2015-06-03/046ed101350f77e5d23ab66f922da1cfccfc50cc.jpg"
"10405300009","2015-05-30","南屯園區","飼主不擬續養","北區","母","自行送交","三花","","貓","","","https://g0v.github.io/animal.coa/%E8%87%BA%E4%B8%AD%E5%B8%82/2015-06-03/e4246127f47f71896b3dceb43804a9fc4b857b6a.jpg"
"10405300008","2015-05-30","南屯園區","陳情","北屯區","公","清水巷","黑色","","混種犬","","","https://g0v.github.io/animal.coa/%E8%87%BA%E4%B8%AD%E5%B8%82/2015-06-03/cf957585aa6149dd912988b2c0232d57302161c9.jpg"
"10405300007","2015-05-30","南屯園區","急難救助","東區","母","東成三街","黃白","","混種犬","","","https://g0v.github.io/animal.coa/%E8%87%BA%E4%B8%AD%E5%B8%82/2015-06-03/778cbf38a5a9b9a868691f35d8ab3ddcf1dbe86b.jpg"
"10405300006","2015-05-30","南屯園區","陳情","北屯區","公","祥順路","黑色","","混種犬","","","https://g0v.github.io/animal.coa/%E8%87%BA%E4%B8%AD%E5%B8%82/2015-06-03/22f89831950ba8d7a9302a97523de96f7651ae8a.jpg"
"10405300005","2015-05-30","南屯園區","陳情","大里區","母","中興路","黑色","","貓","","","https://g0v.github.io/animal.coa/%E8%87%BA%E4%B8%AD%E5%B8%82/2015-06-03/d01c75346b6ba3d0f4c4aeee9d748fd96cb4c6b4.jpg"
"10405300004","2015-05-30","南屯園區","飼主不擬續養","潭子區","母","自行送交","黑色","","混種犬","","","https://g0v.github.io/animal.coa/%E8%87%BA%E4%B8%AD%E5%B8%82/2015-06-03/d930b51aae8f73a9f2e3ea63a4cd4cf844bf381e.jpg"
"10405300003","2015-05-30","南屯園區","飼主不擬續養","北區","公","自行送交","灰白","","西施","","","https://g0v.github.io/animal.coa/%E8%87%BA%E4%B8%AD%E5%B8%82/2015-06-03/2ec17f33249c95e927efe172d09ae42ca7184eea.jpg"
"10405300002","2015-05-30","南屯園區","飼主不擬續養","南屯區","公","自行送交","黑棕","","混種犬","","","https://g0v.github.io/animal.coa/%E8%87%BA%E4%B8%AD%E5%B8%82/2015-06-03/e6825539712e6882f44d94a958749137ac951f30.jpg"
"10405300001","2015-05-30","南屯園區","陳情","南屯區","公","五權西路","黃白","","貓","","","https://g0v.github.io/animal.coa/%E8%87%BA%E4%B8%AD%E5%B8%82/2015-06-03/16254c7f0baf0a04eaa9dd5307d411944b0f22ea.jpg"
"10405296015","2015-05-29","后里園區","陳情","東勢區","母","東坑路","黑色","","混種犬","","","https://g0v.github.io/animal.coa/%E8%87%BA%E4%B8%AD%E5%B8%82/2015-06-03/264cd572592d1e75a2cef2b3d144f82eb06b2f5d.jpg"
"10405296014","2015-05-29","后里園區","急難救助","潭子區","母","合作街","黑色","","混種犬","","彩色項圈","https://g0v.github.io/animal.coa/%E8%87%BA%E4%B8%AD%E5%B8%82/2015-06-03/f59fdd0c3753724dbdd2b479a4f96aac26c9bb42.jpg"
"10405296013","2015-05-29","后里園區","民眾拾獲","大甲區","母","中山路","棕色","158097005001***","似貴賓","","已絕育","https://g0v.github.io/animal.coa/%E8%87%BA%E4%B8%AD%E5%B8%82/2015-06-03/631b63a013b922e9fe6919cefdc72aef51cdada5.jpg"
"10405296012","2015-05-29","后里園區","陳情","大安區","母","溪洲路","白虎斑","","貓","","","https://g0v.github.io/animal.coa/%E8%87%BA%E4%B8%AD%E5%B8%82/2015-06-03/eeb2dfe0ac3e4ece35f0bd2bea96c4564c93d9d9.jpg"
"10405296011","2015-05-29","后里園區","飼主不擬續養","潭子區","公","自行送交","棕色","","似邊境牧羊犬","","","https://g0v.github.io/animal.coa/%E8%87%BA%E4%B8%AD%E5%B8%82/2015-06-03/9aa85f0d9f17ae6b12fd2e23bfea4a2409892cba.jpg"
"10405296010","2015-05-29","后里園區","飼主不擬續養","潭子區","母","自行送交","黑白","","似邊境牧羊犬","","","https://g0v.github.io/animal.coa/%E8%87%BA%E4%B8%AD%E5%B8%82/2015-06-03/84b064e66f6a74bf3f9138ce6b589322a3f3fd88.jpg"
"10405296009","2015-05-29","后里園區","飼主不擬續養","東勢區","母","自行送交","黑棕","","混種犬","","已絕育","https://g0v.github.io/animal.coa/%E8%87%BA%E4%B8%AD%E5%B8%82/2015-06-03/359ea409c4e576b47dea39cad0683967b5c11fa7.jpg"
"10405296008","2015-05-29","后里園區","陳情","大安區","母","中山南路","黑色","","混種犬","","","https://g0v.github.io/animal.coa/%E8%87%BA%E4%B8%AD%E5%B8%82/2015-06-03/1720fc6e02a1ff385eacb41a6ec3cdf4b0519ccf.jpg"
"10405296007","2015-05-29","后里園區","陳情","外埔區","母","長生路","白虎斑","","貓","","","https://g0v.github.io/animal.coa/%E8%87%BA%E4%B8%AD%E5%B8%82/2015-06-03/4497430f7fa9b86ffabb6877af70f71e9828ead0.jpg"
"10405296006","2015-05-29","后里園區","陳情","外埔區","母","長生路","虎斑","","貓","","","https://g0v.github.io/animal.coa/%E8%87%BA%E4%B8%AD%E5%B8%82/2015-06-03/6b00ea3b4328aa019060e52a257e8e8b6b2bd811.jpg"
"10405296005","2015-05-29","后里園區","陳情","神岡區","母","中山路","米色","","混種犬","","","https://g0v.github.io/animal.coa/%E8%87%BA%E4%B8%AD%E5%B8%82/2015-06-03/bb958b17ecf271b7a5df0d29f9f5897ecd6ae92c.jpg"
"10405296004","2015-05-29","后里園區","陳情","神岡區","公","中山路","黑色","","混種犬","","","https://g0v.github.io/animal.coa/%E8%87%BA%E4%B8%AD%E5%B8%82/2015-06-03/4fc0f177ba54fba0c904f340f417913942697e6b.jpg"
"10405296003","2015-05-29","后里園區","民眾拾獲","后里區","母","甲后路","白虎斑","","貓","","","https://g0v.github.io/animal.coa/%E8%87%BA%E4%B8%AD%E5%B8%82/2015-06-03/c9d19863560e2532dd6ee7351ef6d27afab6f2f4.jpg"
"10405296002","2015-05-29","后里園區","飼主不擬續養","龍井區","母","自行送交","黃白","","混種犬","","","https://g0v.github.io/animal.coa/%E8%87%BA%E4%B8%AD%E5%B8%82/2015-06-03/2c53104a1c9de34276071a47e34bb179d142571d.jpg"
"10405296001","2015-05-29","后里園區","陳情","神岡區","母","和平路","黑色","","混種犬","","","https://g0v.github.io/animal.coa/%E8%87%BA%E4%B8%AD%E5%B8%82/2015-06-03/2fae6d7a0004e7c5ae7aaeeb814944b8f11339a3.jpg"
"10405290017","2015-05-29","南屯園區","陳情","霧峰區","公","光明路","黃色","","貓","","","https://g0v.github.io/animal.coa/%E8%87%BA%E4%B8%AD%E5%B8%82/2015-06-03/4ca207ab357b9b27b296ecc5fdcdc5fdadde7005.jpg"
"10405290016","2015-05-29","南屯園區","陳情","南屯區","母","五權西路2段","虎斑","","貓","","","https://g0v.github.io/animal.coa/%E8%87%BA%E4%B8%AD%E5%B8%82/2015-06-03/5947f8e7c3853e34b61387b15d2f40111e10ecbd.jpg"
"10405290015","2015-05-29","南屯園區","陳情","龍井區","母","頭崙巷","黑色","","混種犬","","","https://g0v.github.io/animal.coa/%E8%87%BA%E4%B8%AD%E5%B8%82/2015-06-03/549a29b53ad54780c72e5ba3458cfccb03a7eef4.jpg"
"10405290014","2015-05-29","南屯園區","陳情","龍井區","母","三港路","黃色","","混種犬","","","https://g0v.github.io/animal.coa/%E8%87%BA%E4%B8%AD%E5%B8%82/2015-06-03/46745ec1b13788e97258f27aa87cd2fea3b68bf0.jpg"
"10405290013","2015-05-29","南屯園區","民眾拾獲","清水區","母","光復街","虎斑","","貓","","","https://g0v.github.io/animal.coa/%E8%87%BA%E4%B8%AD%E5%B8%82/2015-06-03/353a4e6aff00b76e3862a286cd583056bc7132d0.jpg"
"10405290012","2015-05-29","南屯園區","民眾拾獲","西屯區","公","逢甲大學","白色","","雪那瑞","","","https://g0v.github.io/animal.coa/%E8%87%BA%E4%B8%AD%E5%B8%82/2015-06-03/ba3ebbd270492ff932ea6cc1a8ba4da5ef2db055.jpg"
"10405290011","2015-05-29","南屯園區","急難救助","南區","公","復興路","白色","","混種犬","","","https://g0v.github.io/animal.coa/%E8%87%BA%E4%B8%AD%E5%B8%82/2015-06-03/e92a4a7032afce50255ad17449f4bd807cc9fc41.jpg"
"10405290009","2015-05-29","南屯園區","陳情","烏日區","母","溪南路2段","黑色","","混種犬","","","https://g0v.github.io/animal.coa/%E8%87%BA%E4%B8%AD%E5%B8%82/2015-06-03/761c8d4ba04727edee83c802469deb140dc2d301.jpg"
"10405290008","2015-05-29","南屯園區","飼主不擬續養 ","太平區","母","自行送交","黑色","","混種犬","","","https://g0v.github.io/animal.coa/%E8%87%BA%E4%B8%AD%E5%B8%82/2015-06-03/f0a0a8a1bc46a28625bd3288474a8eea4758fa28.jpg"
"10405290007","2015-05-29","南屯園區","陳情","西屯區","母","工業33路","黑白","","貓","","","https://g0v.github.io/animal.coa/%E8%87%BA%E4%B8%AD%E5%B8%82/2015-06-03/9fe4f6bd2760ccab3de1e11ee8b3cc994ea92d2c.jpg"
"10405290006","2015-05-29","南屯園區","陳情","太平區","母","永成北路","玳瑁","","貓","","","https://g0v.github.io/animal.coa/%E8%87%BA%E4%B8%AD%E5%B8%82/2015-06-03/9b312a3655a53db290bd0299655cb4027e9edd18.jpg"
"10405290005","2015-05-29","南屯園區","陳情","北區","母","雙十路與精武路口","黃色","","混種犬","","","https://g0v.github.io/animal.coa/%E8%87%BA%E4%B8%AD%E5%B8%82/2015-06-03/6d9053fa6de3dc5f2f44fcd931c5c09cd8a7435a.jpg"
"10405290004","2015-05-29","南屯園區","陳情","梧棲區","母","南堤路3段","黃色","","混種犬","","","https://g0v.github.io/animal.coa/%E8%87%BA%E4%B8%AD%E5%B8%82/2015-06-03/bf15eb039a029fe068cab1fdbcd0f27ca9dfcfa1.jpg"
"10405290003","2015-05-29","南屯園區","飼主不擬續養","大肚區","母","自行送交","黑白","","貓","","","https://g0v.github.io/animal.coa/%E8%87%BA%E4%B8%AD%E5%B8%82/2015-06-03/3e3020456ab636ffef7fb38a5199b83f8925c241.jpg"
"10405290002","2015-05-29","南屯園區","飼主不擬續養","大肚區","公","自行送交","黑白","","貓","","","https://g0v.github.io/animal.coa/%E8%87%BA%E4%B8%AD%E5%B8%82/2015-06-03/236745e90ded9fb7541f0d7dd384a0b7643b62c8.jpg"
"10405290001","2015-05-29","南屯園區","陳情","北屯區","公","太原路3段","黑白","","混種犬","","","https://g0v.github.io/animal.coa/%E8%87%BA%E4%B8%AD%E5%B8%82/2015-06-03/8ba55692bc209968e31680604ddc234ab0d652be.jpg"
"10405286010","2015-05-28","后里園區","陳情","大甲區","公","中山路","黑色","","混種犬","","","https://g0v.github.io/animal.coa/%E8%87%BA%E4%B8%AD%E5%B8%82/2015-06-03/6b7344827fd0e81c8f8fe5b7876a3de8ac607a07.jpg"
"10405286009","2015-05-28","后里園區","陳情","豐原區","公","鐮村路","黑色","","混種犬","","","https://g0v.github.io/animal.coa/%E8%87%BA%E4%B8%AD%E5%B8%82/2015-06-03/60331cedb84599c237aa41a9b4ddee8e26bb17c1.jpg"
"10405286008","2015-05-28","后里園區","飼主不擬續養","潭子區","母","自行送交","黑黃","","混種犬","","","https://g0v.github.io/animal.coa/%E8%87%BA%E4%B8%AD%E5%B8%82/2015-06-03/761bea72a3fa305ae8bad539ff4ea3c3f04cc972.jpg"
"10405286007","2015-05-28","后里園區","飼主不擬續養","后里區","母","自行送交","黃色","","似黃金獵犬","","","https://g0v.github.io/animal.coa/%E8%87%BA%E4%B8%AD%E5%B8%82/2015-06-03/94de8f2e2b29e7659d7d869eee19e74beb12f565.jpg"
"10405286006","2015-05-28","后里園區","陳情","大雅區","母","學府路","黑色","","貓","","","https://g0v.github.io/animal.coa/%E8%87%BA%E4%B8%AD%E5%B8%82/2015-06-03/f4076ff2d85c472c30ba580f574b936645dcde1e.jpg"
"10405286005","2015-05-28","后里園區","陳情","外埔區","母","長生路","黑白","","貓","","","https://g0v.github.io/animal.coa/%E8%87%BA%E4%B8%AD%E5%B8%82/2015-06-03/8a6efce684a5101da6d08b5ad8d87a590981fd6a.jpg"
"10405286004","2015-05-28","后里園區","陳情","大雅區","母","中清路","黃色","","混種犬","","","https://g0v.github.io/animal.coa/%E8%87%BA%E4%B8%AD%E5%B8%82/2015-06-03/e0819ebac614c9b197c61e3795a26a029bd9f390.jpg"
"10405286003","2015-05-28","后里園區","陳情","大安區","母","東西九路","黑色","","混種犬","","","https://g0v.github.io/animal.coa/%E8%87%BA%E4%B8%AD%E5%B8%82/2015-06-03/ecdbf248ace0c7b51fe9fc835324cdc9a8679fa3.jpg"
"10405286002","2015-05-28","后里園區","陳情","外埔區","公","長生路","黑棕","","混種犬","","鐵鍊","https://g0v.github.io/animal.coa/%E8%87%BA%E4%B8%AD%E5%B8%82/2015-06-03/64d03c0850b2469056341de8c846beb6e99b032d.jpg"
"10405286001","2015-05-28","后里園區","陳情","豐原區","母","三豐路","三花","","貓","","","https://g0v.github.io/animal.coa/%E8%87%BA%E4%B8%AD%E5%B8%82/2015-06-03/1325e3796753d7a592a46e591e6f1a996c2b8dec.jpg"
"10405280019","2015-05-28","南屯園區","陳情","霧峰區","公","中投西路","白色","","混種犬","","","https://g0v.github.io/animal.coa/%E8%87%BA%E4%B8%AD%E5%B8%82/2015-06-03/2c7333ff7be8e2679c78922063dfd41e80d0834d.jpg"
"10405280018","2015-05-28","南屯園區","陳情","梧棲區","公","南堤消防隊","黃色","","混種犬","","","https://g0v.github.io/animal.coa/%E8%87%BA%E4%B8%AD%E5%B8%82/2015-06-03/310a4307dded7749f119fa1f145c9a32319b33f3.jpg"
"10405280017","2015-05-28","南屯園區","陳情","霧峰區","母","大坑巷","虎斑","","貓","","","https://g0v.github.io/animal.coa/%E8%87%BA%E4%B8%AD%E5%B8%82/2015-06-03/39a85fe98055f3d5107a39167c23bf931ed642e2.jpg"
"10405280016","2015-05-28","南屯園區","陳情","南區","公","復興路","虎斑","","貓","","左剪耳/104/05/29飼主領回","https://g0v.github.io/animal.coa/%E8%87%BA%E4%B8%AD%E5%B8%82/2015-06-03/8bacc7eba4dfbaebf9f8f3b562bf60bb954f2c82.jpg"
"10405280015","2015-05-28","南屯園區","民眾拾獲","西區","公","朝陽街","棕色","900108001449***","混種犬","","","https://g0v.github.io/animal.coa/%E8%87%BA%E4%B8%AD%E5%B8%82/2015-06-03/f016fa057a73e4e8d0050931a3490e91ea35c9d8.jpg"
"10405280014","2015-05-28","南屯園區","民眾拾獲","沙鹿區","母","鎮南路2段","虎斑","","貓","","","https://g0v.github.io/animal.coa/%E8%87%BA%E4%B8%AD%E5%B8%82/2015-06-03/b729f6760562888ff782eec9053660dc1508b3b3.jpg"
"10405280013","2015-05-28","南屯園區","陳情","梧棲區","母","南堤路3段","黑棕","","混種犬","","","https://g0v.github.io/animal.coa/%E8%87%BA%E4%B8%AD%E5%B8%82/2015-06-03/abecfbdf16e455a68aacbbdfaee73b1062578d71.jpg"
"10405280012","2015-05-28","南屯園區","陳情","梧棲區","公","南堤路3段","黑棕","","混種犬","","","https://g0v.github.io/animal.coa/%E8%87%BA%E4%B8%AD%E5%B8%82/2015-06-03/c4c934e6ec5c067397062839a8196c6018ff1316.jpg"
"10405280011","2015-05-28","南屯園區","陳情","梧棲區","公","南堤路3段","黑棕","","混種犬","","","https://g0v.github.io/animal.coa/%E8%87%BA%E4%B8%AD%E5%B8%82/2015-06-03/3c937e04c1a995ee7bbe9988d73f31abb39743dc.jpg"
"10405280010","2015-05-28","南屯園區","陳情","梧棲區","母","南堤路3段","黑棕","","混種犬","","","https://g0v.github.io/animal.coa/%E8%87%BA%E4%B8%AD%E5%B8%82/2015-06-03/acf59c18e245b52ca4fa97d577061c28f13e84b9.jpg"
"10405280009","2015-05-28","南屯園區","民眾拾獲","大肚區","母","遊園路","虎斑","","貓","","","https://g0v.github.io/animal.coa/%E8%87%BA%E4%B8%AD%E5%B8%82/2015-06-03/dc82535fabc7ec87e0c4bebd8e208d8e84366740.jpg"
"10405280008","2015-05-28","南屯園區","飼主不擬續養","南區","母","自行送交","白色","","貓","","","https://g0v.github.io/animal.coa/%E8%87%BA%E4%B8%AD%E5%B8%82/2015-06-03/e1d89fc4885bcf4e6b5aa64333787731db3d34ef.jpg"
"10405280007","2015-05-28","南屯園區","陳情","烏日區","公","中山路3段","虎斑","","貓","","左剪耳","https://g0v.github.io/animal.coa/%E8%87%BA%E4%B8%AD%E5%B8%82/2015-06-03/6982ef9e0300cd7f0ee85bc293f11025b8a0b8a6.jpg"
"10405280006","2015-05-28","南屯園區","急難救助","北區","公","太原北路","黑色","1312173***","混種犬","","","https://g0v.github.io/animal.coa/%E8%87%BA%E4%B8%AD%E5%B8%82/2015-06-03/930bf8a5eda779c0dbd3c1a6a028ecaa9f3182f2.jpg"
"10405280005","2015-05-28","南屯園區","急難救助","南屯區","公","黎明路與永順路口","棕色","","混種犬","","","https://g0v.github.io/animal.coa/%E8%87%BA%E4%B8%AD%E5%B8%82/2015-06-03/93c25f1d246fc4631f9eb416b8eb74ac84677deb.jpg"
"10405280004","2015-05-28","南屯園區","民眾拾獲","霧峰區","公","中正路","黃色","","混種犬","","104/5/28飼主領回","https://g0v.github.io/animal.coa/%E8%87%BA%E4%B8%AD%E5%B8%82/2015-06-03/0734bef9493481c5cb0ed87bfa46e88e93b62b86.jpg"
"10405280003","2015-05-28","南屯園區"," 陳情  ","大里區","公","國中路","虎斑","","貓","","","https://g0v.github.io/animal.coa/%E8%87%BA%E4%B8%AD%E5%B8%82/2015-06-03/4d3c1ec722992c99a027349b2f5fe27fa05c262d.jpg"
"10405280002","2015-05-28","南屯園區"," 陳情  ","南屯區","母","大墩路","虎斑","","貓","","","https://g0v.github.io/animal.coa/%E8%87%BA%E4%B8%AD%E5%B8%82/2015-06-03/2b80a30526380bc0c934eb2fb97becb5d28fa25f.jpg"
"10405280001","2015-05-28","南屯園區","急難救助","太平區","公","太平22街","黑色","","貓","","","https://g0v.github.io/animal.coa/%E8%87%BA%E4%B8%AD%E5%B8%82/2015-06-03/cfcc6d45c2ff174d5778be8b0b0bb1567a94d20b.jpg"
"10405276011","2015-05-27","后里園區","急難救助","豐原區","公","自強南路","黑白","","貓","","","https://g0v.github.io/animal.coa/%E8%87%BA%E4%B8%AD%E5%B8%82/2015-06-03/603c4265bc5deec4d64c862775b22a616f3f0acd.jpg"
"10405276010","2015-05-27","后里園區","陳情","豐原區","公","南陽路","橘","","貓","","","https://g0v.github.io/animal.coa/%E8%87%BA%E4%B8%AD%E5%B8%82/2015-06-03/d7c707a1b6c9ca6f4c31e88f0c09efbdda28e775.jpg"
"10405276009","2015-05-27","后里園區","陳情","豐原區","公","東陽路","黑色","","混種犬","","紅色項圈","https://g0v.github.io/animal.coa/%E8%87%BA%E4%B8%AD%E5%B8%82/2015-06-03/eaae565413c3af787209c43d2b3886592e82bcec.jpg"
"10405276008","2015-05-27","后里園區","陳情","豐原區","母","東陽路","黑色","","混種犬","","","https://g0v.github.io/animal.coa/%E8%87%BA%E4%B8%AD%E5%B8%82/2015-06-03/090b9c25c49f92ee2230b6a2b9700b88b1efc1f9.jpg"
"10405276007","2015-05-27","后里園區","陳情","豐原區","公","大豐路","黑色","","混種犬","","","https://g0v.github.io/animal.coa/%E8%87%BA%E4%B8%AD%E5%B8%82/2015-06-03/25a2fe66ed598d7dc98da391f29206bd7816be53.jpg"
"10405276006","2015-05-27","后里園區","急難救助","潭子區","公","中山路","黑灰","","混種犬","","迷彩項圈","https://g0v.github.io/animal.coa/%E8%87%BA%E4%B8%AD%E5%B8%82/2015-06-03/0ee215df7856561fb811b2217e7aa0066b849546.jpg"
"10405276004","2015-05-27","后里園區","急難救助","豐原區","公","育英路","黑白","900138000377***","似吉娃娃","","","https://g0v.github.io/animal.coa/%E8%87%BA%E4%B8%AD%E5%B8%82/2015-06-03/b501fca6ee0473255f29d5606fb4631c26ca6d67.jpg"
"10405276003","2015-05-27","后里園區","陳情","大甲區","","文武路","綠色","","似鸚鵡","","左腳有腳環","https://g0v.github.io/animal.coa/%E8%87%BA%E4%B8%AD%E5%B8%82/2015-06-03/121a2d4edf64a733a2d1a163e8c429a973bd76f0.jpg"
"10405276002","2015-05-27","后里園區","陳情","大雅區","公","中清路","黃色","","混種犬","","","https://g0v.github.io/animal.coa/%E8%87%BA%E4%B8%AD%E5%B8%82/2015-06-03/87059c20391280b0d7eb045fe532811c8703ef20.jpg"
"10405276001","2015-05-27","后里園區","陳情","大雅區","母","中清路","黃色","900108001495***","混種犬","","鐵鍊104/5/30飼主領回","https://g0v.github.io/animal.coa/%E8%87%BA%E4%B8%AD%E5%B8%82/2015-06-03/40d07a9659868366115d9c70a33e5535a29c8638.jpg"
"10405270004","2015-05-27","南屯園區","陳情","霧峰區","母","光明路","三花","","貓","","","https://g0v.github.io/animal.coa/%E8%87%BA%E4%B8%AD%E5%B8%82/2015-06-03/a34f7a45123be86a0615c4737384aa98af624f37.jpg"
"10405270003","2015-05-27","南屯園區","飼主不擬續養","太平區","公","自行送交","黑色","","混種犬","","","https://g0v.github.io/animal.coa/%E8%87%BA%E4%B8%AD%E5%B8%82/2015-06-03/9fef13b8ba80d2fcc90527664b84c73c9b771df8.jpg"
"10405270002","2015-05-27","南屯園區","民眾拾獲","中區","公","中華路","白虎斑","","貓","","","https://g0v.github.io/animal.coa/%E8%87%BA%E4%B8%AD%E5%B8%82/2015-06-03/eee95faa03a1056ce0a01ff11a2c4feb8e56e832.jpg"
"10405270001","2015-05-27","南屯園區","民眾拾獲","南屯區","母","永春東路與萬和路口","虎斑","","貓","","","https://g0v.github.io/animal.coa/%E8%87%BA%E4%B8%AD%E5%B8%82/2015-06-03/92eba4147e7a928eda29cc22896f2072bcc84436.jpg"
"10405266006","2015-05-26","后里園區","飼主不擬續養","大甲區","母","自行送交","白色","","混種犬","","","https://g0v.github.io/animal.coa/%E8%87%BA%E4%B8%AD%E5%B8%82/2015-06-03/d5ff90b246ef06c8084cc566e1f59ecd29059212.jpg"
"10405266005","2015-05-26","后里園區","民眾拾獲","梧棲區","母","東京保齡球場","白色","900108000740***","混種犬","","104/06/01飼主領回","https://g0v.github.io/animal.coa/%E8%87%BA%E4%B8%AD%E5%B8%82/2015-06-03/f897c947c51ef4fd82d25205e1a43326eacf407b.jpg"
"10405266003","2015-05-26","后里園區","陳情","新社區","母","下坪路","棕色","","混種犬","","","https://g0v.github.io/animal.coa/%E8%87%BA%E4%B8%AD%E5%B8%82/2015-06-03/0a2d20fd590b5813b09bf4668c68359658a4f21f.jpg"
"10405266002","2015-05-26","后里園區","陳情","新社區","公","龍安街","棕色","","混種犬","","紅綠項圈","https://g0v.github.io/animal.coa/%E8%87%BA%E4%B8%AD%E5%B8%82/2015-06-03/ebd6584259e8e2813b46057fc6c355936d68766d.jpg"
"10405266001","2015-05-26","后里園區","陳情","清水區","母","鎮新路","黑色","","混種犬","","左剪耳 短尾巴","https://g0v.github.io/animal.coa/%E8%87%BA%E4%B8%AD%E5%B8%82/2015-06-03/7a5d09781285e4338f7ba5a2871a0a727e52b9b0.jpg"
"10405260006","2015-05-26","南屯園區","民眾拾獲","中區","公","綠川西街","白色","","瑪爾濟斯","","","https://g0v.github.io/animal.coa/%E8%87%BA%E4%B8%AD%E5%B8%82/2015-06-03/39da0885e9d1257acdbf4744629640b02cd16922.jpg"
"10405260005","2015-05-26","南屯園區","陳情","北屯區","母","四平路","花色","","貓","","","https://g0v.github.io/animal.coa/%E8%87%BA%E4%B8%AD%E5%B8%82/2015-06-03/c716c1663c3446fcdf410c75d19a01f268cd3fc5.jpg"
"10405260004","2015-05-26","南屯園區","陳情","北屯區","公","太原路","黑色","","混種犬","","","https://g0v.github.io/animal.coa/%E8%87%BA%E4%B8%AD%E5%B8%82/2015-06-03/2bb14c2df1feb586bc07d3a39b254444abcc6bc8.jpg"
"10405260003","2015-05-26","南屯園區","陳情","北屯區","母","崇德6路","黑色","158097005982***","混種犬","","","https://g0v.github.io/animal.coa/%E8%87%BA%E4%B8%AD%E5%B8%82/2015-06-03/55cddec6a4e8c5350aa7d67e1f85623d93c7db4c.jpg"
"10405260002","2015-05-26","南屯園區","陳情","太平區","母","永平路","黃色","","混種犬","","","https://g0v.github.io/animal.coa/%E8%87%BA%E4%B8%AD%E5%B8%82/2015-06-03/46fd22562b7fef05e99e37c1d4ebd5f954352381.jpg"
"10405260001","2015-05-26","南屯園區","陳情","北屯區","母","北坑巷","黑色","","混種犬","","","https://g0v.github.io/animal.coa/%E8%87%BA%E4%B8%AD%E5%B8%82/2015-06-03/69f1920a2b0592ea53cbb001a62201c30afe039c.jpg"
"10405256002","2015-05-25","后里園區","陳情","新社區","母","龍安街","黑色","","混種犬","","","https://g0v.github.io/animal.coa/%E8%87%BA%E4%B8%AD%E5%B8%82/2015-06-03/9e1676e6fbf99409c8a203343c22e79b4d181fd3.jpg"
"10405256001","2015-05-25","后里園區","陳情","神岡區","公","民權二街","黑色","","混種犬","","","https://g0v.github.io/animal.coa/%E8%87%BA%E4%B8%AD%E5%B8%82/2015-06-03/186defeafe5fcbe175e2fa9d978588b6a5101326.jpg"
"10405250007","2015-05-25","南屯園區","陳情 ","南屯區","母","忠勇路","黑白","","貓","","","https://g0v.github.io/animal.coa/%E8%87%BA%E4%B8%AD%E5%B8%82/2015-06-03/6cb549b7e0f97da7f56a75713c87653f5c8c583c.jpg"
"10405250006","2015-05-25","南屯園區","飼主不擬續養","北屯區","公","自行送交","黑色","","混種犬","","","https://g0v.github.io/animal.coa/%E8%87%BA%E4%B8%AD%E5%B8%82/2015-06-03/7cd9147450fe0cdae96ce11f47fc12dccd99bb5b.jpg"
"10405250005","2015-05-25","南屯園區","飼主不擬續養 ","南屯區","母","自行送交","黑白黃","","混種犬","","","https://g0v.github.io/animal.coa/%E8%87%BA%E4%B8%AD%E5%B8%82/2015-06-03/d39b83d091c49c81bc7cf6fcc10ec818319db39e.jpg"
"10405250004","2015-05-25","南屯園區","飼主不擬續養","太平區","母","自行送交","虎斑","","貓","","","https://g0v.github.io/animal.coa/%E8%87%BA%E4%B8%AD%E5%B8%82/2015-06-03/1604bdb29db60301b9237192b523ca105b600dc8.jpg"
"10405250003","2015-05-25","南屯園區","飼主不擬續養","大肚區","公","自行送交","白色","","混種犬","","","https://g0v.github.io/animal.coa/%E8%87%BA%E4%B8%AD%E5%B8%82/2015-06-03/ca3dd609d2d8a713b0510589e0bcb3a011084816.jpg"
"10405250002","2015-05-25","南屯園區","陳情 ","南屯區","公","向上路5段","黑色","","混種犬","","","https://g0v.github.io/animal.coa/%E8%87%BA%E4%B8%AD%E5%B8%82/2015-06-03/391b6c6d0b177c6040f6cde7f2b695310fbeb6c5.jpg"
"10405250001","2015-05-25","南屯園區","陳情","北屯區","公","北坑巷","黑黃","","混種犬","","","https://g0v.github.io/animal.coa/%E8%87%BA%E4%B8%AD%E5%B8%82/2015-06-03/36ed33bc048425241f5b550151d6e8d46f46b00c.jpg"
"10405246003","2015-05-24","后里園區","陳情","大安區","母","南安路","棕色","965000000329***","似黃金獵犬","","格紋項圈","https://g0v.github.io/animal.coa/%E8%87%BA%E4%B8%AD%E5%B8%82/2015-06-03/0ad71026c4f579b661a87489d2fe42a24f44edf0.jpg"
"10405246002","2015-05-24","后里園區","急難救助","豐原區","公","東陽路","黑白黃","","似米格魯","","紅黑項圈","https://g0v.github.io/animal.coa/%E8%87%BA%E4%B8%AD%E5%B8%82/2015-06-03/80d93143d7fafdd63b42afcf6e5bbbe0f7a9a129.jpg"
"10405246001","2015-05-24","后里園區","急難救助","新社區","母","中興街","虎斑","","混種犬","","","https://g0v.github.io/animal.coa/%E8%87%BA%E4%B8%AD%E5%B8%82/2015-06-03/114bd88ae05915881c5397275df7f6a6e940afbd.jpg"
"10405240002","2015-05-24","南屯園區","陳情","西區","公","民權路","虎斑","","貓","","","https://g0v.github.io/animal.coa/%E8%87%BA%E4%B8%AD%E5%B8%82/2015-06-03/4cd6bf9b8f4657a7646e33a31e75bafe539a78ae.jpg"
"10405240001","2015-05-24","南屯園區","民眾拾獲","北區","母","美德街","白色","","混種犬","","","https://g0v.github.io/animal.coa/%E8%87%BA%E4%B8%AD%E5%B8%82/2015-06-03/e7fcd214a1790b17c20121edd730daa9bbf57a1b.jpg"
"10405236003","2015-05-23","后里園區","陳情","清水區","公","海頂路","白虎斑","","貓","","","https://g0v.github.io/animal.coa/%E8%87%BA%E4%B8%AD%E5%B8%82/2015-06-03/db7ec6195e09fad2dd5921d6aabaa9e457fd38b7.jpg"
"10405236002","2015-05-23","后里園區","陳情","清水區","母","海頂路","三花","","貓","","","https://g0v.github.io/animal.coa/%E8%87%BA%E4%B8%AD%E5%B8%82/2015-06-03/530ae82f83086b84cfd3477613dec0ab34f57fff.jpg"
"10405236001","2015-05-23","后里園區","陳情","豐原區","母","信義街","黑色","","貓","","","https://g0v.github.io/animal.coa/%E8%87%BA%E4%B8%AD%E5%B8%82/2015-06-03/046782ca968da12536d88faa3d617eb00ba5d8e7.jpg"
"10405230008","2015-05-23","南屯園區","民眾拾獲","潭子區","公","中山路2段","黑白","","似哈士奇","","","https://g0v.github.io/animal.coa/%E8%87%BA%E4%B8%AD%E5%B8%82/2015-06-03/f645fa94ed57b93d5486f93d123498e8a83512be.jpg"
"10405230007","2015-05-23","南屯園區","陳情","霧峰區","母","中投西路","米色","","混種犬","","","https://g0v.github.io/animal.coa/%E8%87%BA%E4%B8%AD%E5%B8%82/2015-06-03/6263876a7b7de74ddf869e7cb77e51d36cbc18e0.jpg"
"10405230006","2015-05-23","南屯園區","陳情","大肚區","母","沙田路3段","黃白","","貓","","","https://g0v.github.io/animal.coa/%E8%87%BA%E4%B8%AD%E5%B8%82/2015-06-03/398faa5e472c17b8cb7beaf92a80bf003655ec65.jpg"
"10405230005","2015-05-23","南屯園區","民眾拾獲","大里區","母","中興路1段","黃色","","混種犬","","","https://g0v.github.io/animal.coa/%E8%87%BA%E4%B8%AD%E5%B8%82/2015-06-03/1cad1839a163e2b73ff0b2baedcaa93ae8e24920.jpg"
"10405230004","2015-05-23","南屯園區","民眾拾獲","大肚區","母","沙田路","棕色","","混種犬","","104/5/25飼主領回","https://g0v.github.io/animal.coa/%E8%87%BA%E4%B8%AD%E5%B8%82/2015-06-03/ebadfd4542f7cc00304fe9c78494b8d04435f4ba.jpg"
"10405230003","2015-05-23","南屯園區","陳情","太平區","公","東平路","黑白","","混種犬","","","https://g0v.github.io/animal.coa/%E8%87%BA%E4%B8%AD%E5%B8%82/2015-06-03/e82a292e8e66864b94e69d22319badddca85a4d9.jpg"
"10405230002","2015-05-23","南屯園區","陳情","北屯區","母","崇德11路","虎斑","","混種犬","","","https://g0v.github.io/animal.coa/%E8%87%BA%E4%B8%AD%E5%B8%82/2015-06-03/877316d99233cc2830f35020656826c3aa099e3b.jpg"
"10405230001","2015-05-23","南屯園區","民眾拾獲","霧峰區","母","中投西路2段","黑色","","混種犬","","","https://g0v.github.io/animal.coa/%E8%87%BA%E4%B8%AD%E5%B8%82/2015-06-03/c6b07038684b26c7a593a8bddd5039a34a3ce639.jpg"
"10405226009","2015-05-22","后里園區","陳情","大安區","公","南海路","米黃","","混種犬","","","https://g0v.github.io/animal.coa/%E8%87%BA%E4%B8%AD%E5%B8%82/2015-06-03/ff4e3050ec794c468420b0805ceee0bfdd79f781.jpg"
"10405226008","2015-05-22","后里園區","陳情","清水區","母","菁埔路","虎斑","","貓","","","https://g0v.github.io/animal.coa/%E8%87%BA%E4%B8%AD%E5%B8%82/2015-06-03/76d5e6e960d3f4558f7978fea1bdf0a032ed2547.jpg"
"10405226007","2015-05-22","后里園區","陳情","潭子區","公","大豐路","米黃","158100965374***","似黃金獵犬","","104/05/22飼主領回","https://g0v.github.io/animal.coa/%E8%87%BA%E4%B8%AD%E5%B8%82/2015-06-03/9b9a88318844c99aa964093e0d6a01375fa63926.jpg"
"10405226006","2015-05-22","后里園區","急難救助","潭子區","公","潭富路","棕色","","混種犬","","","https://g0v.github.io/animal.coa/%E8%87%BA%E4%B8%AD%E5%B8%82/2015-06-03/7e8a4080c189a397ec660e6ae70a9161a9a874c7.jpg"
"10405226005","2015-05-22","后里園區","急難救助","石岡區","母","豐勢路","黑色","","混種犬","","","https://g0v.github.io/animal.coa/%E8%87%BA%E4%B8%AD%E5%B8%82/2015-06-03/3af12fb599e476242a69a53b4c9cc8a2357ce78c.jpg"
"10405226004","2015-05-22","后里園區","陳情","清水區","母","北堤路","黑色","","混種犬","","","https://g0v.github.io/animal.coa/%E8%87%BA%E4%B8%AD%E5%B8%82/2015-06-03/b503cbec14dbd831f5fbca55fee5ba9fa40abc04.jpg"
"10405226003","2015-05-22","后里園區","民眾拾獲","后里區","公","福美路","棕色","900108000735***","似貴賓","","格紋項圈
104.05.23飼主領回","https://g0v.github.io/animal.coa/%E8%87%BA%E4%B8%AD%E5%B8%82/2015-06-03/c5547c144844f1b7b9a0370d246700e22efe467e.jpg"
"10405226002","2015-05-22","后里園區","陳情","豐原區","公","中正路","橘色","","貓","","","https://g0v.github.io/animal.coa/%E8%87%BA%E4%B8%AD%E5%B8%82/2015-06-03/26d2f17468e66ba69fcd2d98e8389037a2728f82.jpg"
"10405226001","2015-05-22","后里園區","陳情","潭子區","公","祥和路","黑白","","貓","","","https://g0v.github.io/animal.coa/%E8%87%BA%E4%B8%AD%E5%B8%82/2015-06-03/ded36985379f2a59fdb7f5237e425aec4c2fc6bf.jpg"
"10405220012","2015-05-22","南屯園區","飼主不擬續養","大肚區","母","自行送交","三花","","貓","","","https://g0v.github.io/animal.coa/%E8%87%BA%E4%B8%AD%E5%B8%82/2015-06-03/6a6f9684f7e22cb099eefa0983bd88854c9498f9.jpg"
"10405220011","2015-05-22","南屯園區","陳情","西屯區","公","文華路","白色","","瑪爾濟斯","","藍背帶","https://g0v.github.io/animal.coa/%E8%87%BA%E4%B8%AD%E5%B8%82/2015-06-03/10b0160a834bff54fcea86c8012694a0bcec2243.jpg"
"10405220010","2015-05-22","南屯園區","陳情 ","霧峰區","母","大坑巷","灰白","","貓","","","https://g0v.github.io/animal.coa/%E8%87%BA%E4%B8%AD%E5%B8%82/2015-06-03/1d3e217bd4b25f7a8911243535bb424ce627dc64.jpg"
"10405220009","2015-05-22","南屯園區","陳情 ","南屯區","母","大聖街","灰白","","貓","","","https://g0v.github.io/animal.coa/%E8%87%BA%E4%B8%AD%E5%B8%82/2015-06-03/504ddb7842ec1c28bc3a378bb24e29adf21fa6af.jpg"
"10405220008","2015-05-22","南屯園區","陳情 ","龍井區","公","海尾路","黑色","","貓","","","https://g0v.github.io/animal.coa/%E8%87%BA%E4%B8%AD%E5%B8%82/2015-06-03/08ba18b95e5703ba951d02c5dd6c6dfdce26f08d.jpg"
"10405220007","2015-05-22","南屯園區","陳情 ","梧棲區","公","文昌路","虎斑","","混種犬","","","https://g0v.github.io/animal.coa/%E8%87%BA%E4%B8%AD%E5%B8%82/2015-06-03/7b48a511e50fb1fdc73b2ce58ff4cc775d742282.jpg"
"10405220006","2015-05-22","南屯園區","陳情 ","沙鹿區","母","中清路6段","黑色","","混種犬","","","https://g0v.github.io/animal.coa/%E8%87%BA%E4%B8%AD%E5%B8%82/2015-06-03/5fe7924d904c718281da9a2b9306fd4f76554a3d.jpg"
"10405220005","2015-05-22","南屯園區","陳情","西屯區","公","東大附中","虎斑","900108000730***","混種犬","","104/05/23飼主領回","https://g0v.github.io/animal.coa/%E8%87%BA%E4%B8%AD%E5%B8%82/2015-06-03/9e03dfeb76b881216cd321bf8bb3f619f54db1c0.jpg"
"10405220004","2015-05-22","南屯園區","陳情 ","太平區","公","正誠街","黃白","","吉娃娃","","","https://g0v.github.io/animal.coa/%E8%87%BA%E4%B8%AD%E5%B8%82/2015-06-03/93569eaf5db685377d0fd6a4b63b9f862f16ec2c.jpg"
"10405220003","2015-05-22","南屯園區","陳情 ","太平區","公","新平路","白色","","瑪爾濟斯","","","https://g0v.github.io/animal.coa/%E8%87%BA%E4%B8%AD%E5%B8%82/2015-06-03/69a3c086e4b6e3708e3aa016aaca74c0851eecde.jpg"
"10405220002","2015-05-22","南屯園區","急難救助 ","太平區","母","工業20路","黑色","","混種犬","","","https://g0v.github.io/animal.coa/%E8%87%BA%E4%B8%AD%E5%B8%82/2015-06-03/d7f132098ece3c526f3ef2e89934937f7e508aa4.jpg"
"10405220001","2015-05-22","南屯園區","陳情","北區","母","文正派出所","棕色","","貴賓","","","https://g0v.github.io/animal.coa/%E8%87%BA%E4%B8%AD%E5%B8%82/2015-06-03/8f07eec50d27eb6d6bd0b3fc576ed0d4bda1b777.jpg"
"10405216005","2015-05-21","后里園區","陳情","大雅區","公","學府路","虎斑","","貓","","","https://g0v.github.io/animal.coa/%E8%87%BA%E4%B8%AD%E5%B8%82/2015-06-03/16efc4c62a99dff044c4edfe92d85b2bcb6b79ee.jpg"
"10405216004","2015-05-21","后里園區","飼主不擬續養","東勢區","公","自行送交","黑棕","","似挪威那","","已絕育","https://g0v.github.io/animal.coa/%E8%87%BA%E4%B8%AD%E5%B8%82/2015-06-03/4f4724245d7b95e41801ee26edfa99c13f62f8db.jpg"
"10405216003","2015-05-21","后里園區","陳情","神岡區","母","中山路","黑色","","混種犬","","","https://g0v.github.io/animal.coa/%E8%87%BA%E4%B8%AD%E5%B8%82/2015-06-03/2edfc0c971778811e8de8cc222ee04f64cdc60f3.jpg"
"10405216002","2015-05-21","后里園區","陳情","豐原區","母","東陽路","米黃","","混種犬","","","https://g0v.github.io/animal.coa/%E8%87%BA%E4%B8%AD%E5%B8%82/2015-06-03/c5456ea4918168a29e0c9c96f6d379f448f8172b.jpg"
"10405216001","2015-05-21","后里園區","急難救助","大雅區","母","東大路","米色","","混種犬","","104/05/26飼主領回","https://g0v.github.io/animal.coa/%E8%87%BA%E4%B8%AD%E5%B8%82/2015-06-03/c9456e18853f20caa293fd5354459c12cf913468.jpg"
"10405210009","2015-05-21","南屯園區","陳情","霧峰區","母","大坑巷","黃白","","貓","","","https://g0v.github.io/animal.coa/%E8%87%BA%E4%B8%AD%E5%B8%82/2015-06-03/71f4fc3b7b4f4ac14b2b93e1c621f549a377c165.jpg"
"10405210008","2015-05-21","南屯園區","陳情","龍井區","母","田尾厝巷","黑棕","","混種犬","","","https://g0v.github.io/animal.coa/%E8%87%BA%E4%B8%AD%E5%B8%82/2015-06-03/6e864bc35122da5fec552f40eecaaa7427156187.jpg"
"10405210007","2015-05-21","南屯園區","急難救助","南區","公","建國南路一段","黑色","","混種犬","","","https://g0v.github.io/animal.coa/%E8%87%BA%E4%B8%AD%E5%B8%82/2015-06-03/6316d6e18f3c10fd054e37d4bcdb3889d0673bc3.jpg"
"10405210006","2015-05-21","南屯園區","急難救助","北屯區","母","松山路","棕色","","混種犬","","104/5/22飼主領回","https://g0v.github.io/animal.coa/%E8%87%BA%E4%B8%AD%E5%B8%82/2015-06-03/8271f151349e959912912b16b97b84809aa1d850.jpg"
"10405210005","2015-05-21","南屯園區","陳情","南屯區","公","大聖街","黑白","","貓","","","https://g0v.github.io/animal.coa/%E8%87%BA%E4%B8%AD%E5%B8%82/2015-06-03/7eb4cab33121565fae7d66350ebda563ecaee565.jpg"
"10405210004","2015-05-21","南屯園區","陳情","南屯區","母","大聖街","黑白","","貓","","","https://g0v.github.io/animal.coa/%E8%87%BA%E4%B8%AD%E5%B8%82/2015-06-03/8cb560623ba2c635a0d66f65573cacb981684c91.jpg"
"10405210003","2015-05-21","南屯園區","急難救助","霧峰區","公","丁台路","黑色","","混種犬","","","https://g0v.github.io/animal.coa/%E8%87%BA%E4%B8%AD%E5%B8%82/2015-06-03/adb73710f852a1fdde74d59825cf7c30e77bd418.jpg"
"10405210002","2015-05-21","南屯園區","陳情","梧棲區","公","中南一路2段","黃色","","混種犬","","","https://g0v.github.io/animal.coa/%E8%87%BA%E4%B8%AD%E5%B8%82/2015-06-03/eac383d7db0a2a068b0fb8e005d099610011483a.jpg"
"10405210001","2015-05-21","南屯園區","陳情","太平區","母","樹德8街","虎斑","","混種犬","","","https://g0v.github.io/animal.coa/%E8%87%BA%E4%B8%AD%E5%B8%82/2015-06-03/fc8d2c9f61131060c0df4c6b5228ee4242615389.jpg"
