收容編號,進所日期,捕獲鄉鎮市,進所原因,年齡,性別,毛色,品種,體型,絕育,晶片號碼,位置,籠舍,url,image_url
1033024,103年11月27日,"冬山  廣興路",民眾棄養,3-7歲,公,棕黑,混種狗,大,,無,宜蘭縣動植物防疫所,D-9,http://asms.wsn.com.tw/Eland/ieland/el_LoseDetail.aspx?ID=6381,http://asms.wsn.com.tw/Eland/Upload/103-3024/E758D316CF464E3785CFEC51FF46E443.jpg
1033185,103年12月24日,"大同  復興",公所捕獲,"1-3 歲",公,黑,混種狗,大,,無,宜蘭縣動植物防疫所,哺-5,http://asms.wsn.com.tw/Eland/ieland/el_LoseDetail.aspx?ID=6543,http://asms.wsn.com.tw/Eland/Upload/103-3185/D9F3D7EFC9DE40B5B765A9BA8F58416A.jpg
1040091,104年01月12日,"冬山  太和村",公所捕獲,"1-3 歲",公,黑,混種狗,大,,無,宜蘭縣動植物防疫所,A-7,http://asms.wsn.com.tw/Eland/ieland/el_LoseDetail.aspx?ID=6693,http://asms.wsn.com.tw/Eland/Upload/104-0091/E4BD077D9C5145CF81D259B2D0D40E36.jpg
1040093,104年01月13日,"冬山  美和路",本所捕獲,"1-3 歲",母,黑,混種狗,大,,無,宜蘭縣動植物防疫所,E-15,http://asms.wsn.com.tw/Eland/ieland/el_LoseDetail.aspx?ID=6695,http://asms.wsn.com.tw/Eland/Upload/104-0093/1EAEDBF374E0486AA968A76ED66C9E13.jpg
1040094,104年01月13日,"宜蘭  東港路40巷",公所捕獲,"1-3 歲",公,黑,混種狗,大,,無,宜蘭縣動植物防疫所,D-12,http://asms.wsn.com.tw/Eland/ieland/el_LoseDetail.aspx?ID=6696,http://asms.wsn.com.tw/Eland/Upload/104-0094/D9C6D36C29204E1C8DE4BB2727C68DA9.jpg
1040111,104年01月15日,"壯圍  壯五路",公所捕獲,"1-3 歲",母,黑,混種狗,大,,無,宜蘭縣動植物防疫所,A-5,http://asms.wsn.com.tw/Eland/ieland/el_LoseDetail.aspx?ID=6713,http://asms.wsn.com.tw/Eland/Upload/104-0111/4AF06D58381545C4B621ADAB734FE85D.jpg
1040164,104年01月21日,員山,公所捕獲,3月齡以下,公,黑白,混種狗,小,,無,宜蘭縣動植物防疫所,哺-5,http://asms.wsn.com.tw/Eland/ieland/el_LoseDetail.aspx?ID=6766,http://asms.wsn.com.tw/Eland/Upload/104-0164/E16C40BD62BF42AFB678AF79FF5B7D08.jpg
1040173,104年01月22日,"宜蘭  南津路",公所捕獲,"1-3 歲",母,黑,混種狗,大,,無,宜蘭縣動植物防疫所,E-11,http://asms.wsn.com.tw/Eland/ieland/el_LoseDetail.aspx?ID=6775,http://asms.wsn.com.tw/Eland/Upload/104-0173/3F8CDB1CF6944AF9B3DE8A04C9410BB2.jpg
1040183,104年01月23日,"羅東  大同路",公所捕獲,"1-3 歲",公,黑,混種狗,大,,無,宜蘭縣動植物防疫所,D-2,http://asms.wsn.com.tw/Eland/ieland/el_LoseDetail.aspx?ID=6786,http://asms.wsn.com.tw/Eland/Upload/104-0183/ACD04B3E28AC46049A7AD5B1BE19C3D8.jpg
1040199,104年01月26日,"南澳  中正路",公所捕獲,3月齡以下,母,黑,混種狗,小,,無,宜蘭縣動植物防疫所,C-1,http://asms.wsn.com.tw/Eland/ieland/el_LoseDetail.aspx?ID=6802,http://asms.wsn.com.tw/Eland/Upload/104-0199/D583ECB83D9A4CDC899106CDA58E62CB.jpg
1040223,104年01月28日,"三星  紅柴林",本所捕獲,"1-3 歲",母,黑,混種狗,大,,無,宜蘭縣動植物防疫所,B-16,http://asms.wsn.com.tw/Eland/ieland/el_LoseDetail.aspx?ID=6826,http://asms.wsn.com.tw/Eland/Upload/104-0223/248B2808E95E4785AA1ACD981414FF42.jpg
1040242,104年01月30日,"羅東  中華路",民眾送交,"1-3 歲",,虎斑,混種貓,中,,無,宜蘭縣動植物防疫所,幸福貓舍-,http://asms.wsn.com.tw/Eland/ieland/el_LoseDetail.aspx?ID=6845,http://asms.wsn.com.tw/Eland/Upload/104-0242/2F2B28901F3E49FDB4C513256DEBB049.jpg
1040314,104年02月09日,"羅東  羅東夜市",民眾送交,"1-3 歲",,虎斑,混種貓,大,,無,宜蘭縣動植物防疫所,幸福貓舍-,http://asms.wsn.com.tw/Eland/ieland/el_LoseDetail.aspx?ID=6917,http://asms.wsn.com.tw/Eland/Upload/104-0314/7205739883A84D60A236E31FD23C7645.jpg
1040322,104年02月10日,"蘇澳  南方澳",公所捕獲,"1-3 歲",公,棕白,混種狗,大,,無,宜蘭縣動植物防疫所,D-4,http://asms.wsn.com.tw/Eland/ieland/el_LoseDetail.aspx?ID=6926,"http://asms.wsn.com.tw/Eland/Upload/104-0322/D-4 104-322.jpg"
1040324,104年02月10日,"蘇澳  永興里",公所捕獲,"1-3 歲",公,咖啡,混種狗,大,,無,宜蘭縣動植物防疫所,D-2,http://asms.wsn.com.tw/Eland/ieland/el_LoseDetail.aspx?ID=6928,http://asms.wsn.com.tw/Eland/Upload/104-0324/DD0B6F11D07641718EA55A5AB6F893A5.jpg
1040326,104年02月10日,"蘇澳  蘇東里",公所捕獲,"1-3 歲",母,白,混種狗,大,,無,宜蘭縣動植物防疫所,E-12,http://asms.wsn.com.tw/Eland/ieland/el_LoseDetail.aspx?ID=6930,http://asms.wsn.com.tw/Eland/Upload/104-0326/FEE8108CE7C9439FBDB8AF54560DB545.jpg
1040344,104年02月12日,"壯圍  ?後",公所捕獲,"1-3 歲",公,咖啡,混種狗,大,,無,宜蘭縣動植物防疫所,B-5,http://asms.wsn.com.tw/Eland/ieland/el_LoseDetail.aspx?ID=6948,http://asms.wsn.com.tw/Eland/Upload/104-0344/D91ACB6A148F4B679905F10C620C5003.jpg
1040354,104年02月13日,"壯圍  壯圍",本所捕獲,"1-3 歲",母,黑,混種狗,大,,無,宜蘭縣動植物防疫所,E-13,http://asms.wsn.com.tw/Eland/ieland/el_LoseDetail.aspx?ID=6958,http://asms.wsn.com.tw/Eland/Upload/104-0354/87B0C4A60B3C4A55B394146895E05030.jpg
1040361,104年02月13日,"頭城  頂埔",公所捕獲,"1-3 歲",,虎斑,混種貓,大,,無,宜蘭縣動植物防疫所,幸福貓舍-,http://asms.wsn.com.tw/Eland/ieland/el_LoseDetail.aspx?ID=6965,http://asms.wsn.com.tw/Eland/Upload/104-0361/718D533BFD854441B14C1484AD487C32.jpg
1040371,104年02月17日,"壯圍  莊敬路",民眾送交,3月齡以下,母,黑,混種狗,小,,無,宜蘭縣動植物防疫所,A-9,http://asms.wsn.com.tw/Eland/ieland/el_LoseDetail.aspx?ID=6975,http://asms.wsn.com.tw/Eland/Upload/104-0371/0E56524DBB1641D5BE2ABFA7184372F6.jpg
1040393,104年02月25日,"冬山  梅花路",本所捕獲,"1-3 歲",公,棕,混種狗,大,,無,宜蘭縣動植物防疫所,D-6,http://asms.wsn.com.tw/Eland/ieland/el_LoseDetail.aspx?ID=6997,http://asms.wsn.com.tw/Eland/Upload/104-0393/34C0AB2FCCD045F39B8209E9FDB12856.jpg
1040422,104年03月02日,"蘇澳  豆腐岬",本所捕獲,3-6月齡,公,黑白,混種狗,大,,無,宜蘭縣動植物防疫所,A-7,http://asms.wsn.com.tw/Eland/ieland/el_LoseDetail.aspx?ID=7026,http://asms.wsn.com.tw/Eland/Upload/104-0422/80FF8F12C319427FA7801314B4B52CD3.jpg
1040430,104年03月03日,"五結  五濱一路",民眾送交,"1-3 歲",,虎斑,混種貓,大,,無,宜蘭縣動植物防疫所,幸福貓舍-,http://asms.wsn.com.tw/Eland/ieland/el_LoseDetail.aspx?ID=7034,http://asms.wsn.com.tw/Eland/Upload/104-0430/8750588A692E47A0B5B9FCFDE283C949.jpg
1040435,104年03月03日,"礁溪  大塭",公所捕獲,3月齡以下,母,黑,混種狗,小,,無,宜蘭縣動植物防疫所,C-5,http://asms.wsn.com.tw/Eland/ieland/el_LoseDetail.aspx?ID=7039,http://asms.wsn.com.tw/Eland/Upload/104-0435/B60AF25EE68B4EBD9561D933056DC5E2.jpg
1040503,104年03月09日,"三星  鄉公所",公所捕獲,"1-3 歲",母,黃,混種狗,大,,無,宜蘭縣動植物防疫所,A-13,http://asms.wsn.com.tw/Eland/ieland/el_LoseDetail.aspx?ID=7108,http://asms.wsn.com.tw/Eland/Upload/104-0503/6FE352E99507472893D810E300664F15.jpg
1040504,104年03月09日,"員山  深溝路",公所捕獲,6月齡-1歲,母,黑,混種狗,中,,無,宜蘭縣動植物防疫所,C-4,http://asms.wsn.com.tw/Eland/ieland/el_LoseDetail.aspx?ID=7109,"http://asms.wsn.com.tw/Eland/Upload/104-0504/C-4 104-504.jpg"
1040522,104年03月10日,"冬山  永興路",民眾送交,6月齡-1歲,母,黑,混種狗,大,,無,宜蘭縣動植物防疫所,E-16,http://asms.wsn.com.tw/Eland/ieland/el_LoseDetail.aspx?ID=7127,http://asms.wsn.com.tw/Eland/Upload/104-0522/AC6BA75C8E5C48969BF635E3D7C5778C.jpg
1040532,104年03月10日,"頭城  宜三路",公所捕獲,"1-3 歲",母,黑,混種狗,大,,90018200067○○○○,宜蘭縣動植物防疫所,E-12,http://asms.wsn.com.tw/Eland/ieland/el_LoseDetail.aspx?ID=7137,http://asms.wsn.com.tw/Eland/Upload/104-0532/D553A5DDE4D340FF83F0237A7938C965.jpg
1040541,104年03月12日,"冬山  聖保路",公所捕獲,6月齡-1歲,公,黑,混種狗,中,,無,宜蘭縣動植物防疫所,D-1,http://asms.wsn.com.tw/Eland/ieland/el_LoseDetail.aspx?ID=7146,http://asms.wsn.com.tw/Eland/Upload/104-0541/147606CA603D416991AB77840DE29C2D.jpg
1040543,104年03月12日,"羅東  轉運站",本所捕獲,6月齡-1歲,母,黑,混種狗,大,,無,宜蘭縣動植物防疫所,E-2,http://asms.wsn.com.tw/Eland/ieland/el_LoseDetail.aspx?ID=7148,http://asms.wsn.com.tw/Eland/Upload/104-0543/8499F36F8E934F3CB05F0938FA60AE64.jpg
1040551,104年03月12日,"蘇澳  蘋果村",公所捕獲,"1-3 歲",母,黑白,混種狗,大,,無,宜蘭縣動植物防疫所,E-6,http://asms.wsn.com.tw/Eland/ieland/el_LoseDetail.aspx?ID=7156,http://asms.wsn.com.tw/Eland/Upload/104-0551/99BABF46A69F44059F832FFBA015BF05.jpg
1040555,104年03月12日,"蘇澳  蘇東里",公所捕獲,"1-3 歲",母,黑,混種狗,大,,無,宜蘭縣動植物防疫所,E-14,http://asms.wsn.com.tw/Eland/ieland/el_LoseDetail.aspx?ID=7160,http://asms.wsn.com.tw/Eland/Upload/104-0555/F19F9141CC0D4F488A97B9A44B167C70.jpg
1040557,104年03月12日,"蘇澳  豆腐岬",公所捕獲,"1-3 歲",母,黃,混種狗,中,,無,宜蘭縣動植物防疫所,A-9,http://asms.wsn.com.tw/Eland/ieland/el_LoseDetail.aspx?ID=7162,http://asms.wsn.com.tw/Eland/Upload/104-0557/5F98DA53B8604E6EB3CCDA84197C8FD2.jpg
1040568,104年03月13日,"壯圍  壯五路",公所捕獲,3月齡以下,母,黑,混種狗,小,,無,宜蘭縣動植物防疫所,幼-7,http://asms.wsn.com.tw/Eland/ieland/el_LoseDetail.aspx?ID=7173,http://asms.wsn.com.tw/Eland/Upload/104-0568/C2AC544A6C904518891BDEBAC563570D.jpg
1040570,104年03月13日,"壯圍  壯五路",公所捕獲,3月齡以下,母,黑,混種狗,小,,無,宜蘭縣動植物防疫所,幼-7,http://asms.wsn.com.tw/Eland/ieland/el_LoseDetail.aspx?ID=7175,http://asms.wsn.com.tw/Eland/Upload/104-0570/1A3B6A4979154CC9BFE7B7849EEA4D48.jpg
1040571,104年03月13日,"羅東  紐約市",公所捕獲,"1-3 歲",公,黑,混種狗,大,,無,宜蘭縣動植物防疫所,D-10,http://asms.wsn.com.tw/Eland/ieland/el_LoseDetail.aspx?ID=7176,http://asms.wsn.com.tw/Eland/Upload/104-0571/E9848341B484493E9F2E62332C25262C.jpg
1040588,104年03月17日,"員山  員山路",公所捕獲,"1-3 歲",母,黑,混種狗,大,,無,宜蘭縣動植物防疫所,B-14,http://asms.wsn.com.tw/Eland/ieland/el_LoseDetail.aspx?ID=7193,http://asms.wsn.com.tw/Eland/Upload/104-0588/0E384F561BEC438AAF936B9F7AAB1009.jpg
1040589,104年03月17日,"員山  員山路",公所捕獲,"1-3 歲",母,白,混種狗,大,,無,宜蘭縣動植物防疫所,E-16,http://asms.wsn.com.tw/Eland/ieland/el_LoseDetail.aspx?ID=7194,http://asms.wsn.com.tw/Eland/Upload/104-0589/43A727AAA9E84EE8B1CD7989A80C0B61.jpg
1040595,104年03月17日,"頭城  濱海路",公所捕獲,"1-3 歲",公,黑,混種狗,大,,無,宜蘭縣動植物防疫所,D-15,http://asms.wsn.com.tw/Eland/ieland/el_LoseDetail.aspx?ID=7200,http://asms.wsn.com.tw/Eland/Upload/104-0595/5A1097188D714F92A0141F5982D30879.jpg
1040599,104年03月17日,"頭城  新興路",公所捕獲,6月齡-1歲,,虎斑,混種貓,大,,無,宜蘭縣動植物防疫所,幸福貓舍-,http://asms.wsn.com.tw/Eland/ieland/el_LoseDetail.aspx?ID=7204,http://asms.wsn.com.tw/Eland/Upload/104-0599/71BDEE81E6B5471AAEDDE532879A5592.jpg
1040600,104年03月17日,"頭城  新興路",公所捕獲,"1-3 歲",,黃,混種貓,大,,無,宜蘭縣動植物防疫所,幸福貓舍-,http://asms.wsn.com.tw/Eland/ieland/el_LoseDetail.aspx?ID=7205,http://asms.wsn.com.tw/Eland/Upload/104-0600/87102B0BBA5F42BFBD6DA59BBE75D203.jpg
1040601,104年03月17日,"五結  五結中路",民眾棄養,6月齡-1歲,母,咖啡,混種狗,大,是,無,宜蘭縣動植物防疫所,E-1,http://asms.wsn.com.tw/Eland/ieland/el_LoseDetail.aspx?ID=7206,http://asms.wsn.com.tw/Eland/Upload/104-0601/32F50CDC71F946E1BED606279C09D7B5.jpg
1040606,104年03月18日,"宜蘭  林森路",民眾棄養,"1-3 歲",母,黑,混種狗,大,,無,宜蘭縣動植物防疫所,E-7,http://asms.wsn.com.tw/Eland/ieland/el_LoseDetail.aspx?ID=7211,http://asms.wsn.com.tw/Eland/Upload/104-0606/800C0A82501E4E25B8DD382E49662460.jpg
1040610,104年03月19日,"宜蘭  中山路",公所捕獲,6月齡-1歲,,黑,混種貓,大,,無,宜蘭縣動植物防疫所,幸福貓舍-,http://asms.wsn.com.tw/Eland/ieland/el_LoseDetail.aspx?ID=7215,http://asms.wsn.com.tw/Eland/Upload/104-0610/80BCCFE0420049769F1A78EE1AF5BBD8.jpg
1040612,104年03月19日,"宜蘭  幾米廣場",公所捕獲,"1-3 歲",,虎斑,混種貓,大,,無,宜蘭縣動植物防疫所,幸福貓舍-,http://asms.wsn.com.tw/Eland/ieland/el_LoseDetail.aspx?ID=7217,http://asms.wsn.com.tw/Eland/Upload/104-0612/2183DB0712034779960DDC053FF01FD8.jpg
1040618,104年03月19日,"員山  榮光路",公所捕獲,"1-3 歲",母,黑,混種狗,大,,無,宜蘭縣動植物防疫所,E-8,http://asms.wsn.com.tw/Eland/ieland/el_LoseDetail.aspx?ID=7223,http://asms.wsn.com.tw/Eland/Upload/104-0618/8EC6A8A784794D3BB08766F206FEE1B8.jpg
1040626,104年03月23日,"羅東  北成路",民眾送交,"1-3 歲",母,棕黑,混種狗,大,,無,宜蘭縣動植物防疫所,E-10,http://asms.wsn.com.tw/Eland/ieland/el_LoseDetail.aspx?ID=7231,http://asms.wsn.com.tw/Eland/Upload/104-0626/C0E98BC349364E93ACEC0BE3C855BBA5.jpg
1040638,104年03月24日,"三星  人和村",公所捕獲,3月齡以下,公,黑,混種狗,小,,無,宜蘭縣動植物防疫所,幼-6,http://asms.wsn.com.tw/Eland/ieland/el_LoseDetail.aspx?ID=7243,http://asms.wsn.com.tw/Eland/Upload/104-0638/293F0FA9FA064B2BBA877D02C2371783.jpg
1040644,104年03月24日,"三星  人和村",公所捕獲,3-7歲,母,"棕 黑項圈",混種狗,大,,無,宜蘭縣動植物防疫所,E-1,http://asms.wsn.com.tw/Eland/ieland/el_LoseDetail.aspx?ID=7249,http://asms.wsn.com.tw/Eland/Upload/104-0644/AF7F4C2A5A6E48959FCBE3777ADC66A3.jpg
1040647,104年03月24日,"宜蘭  縣政八街",公所捕獲,3-7歲,公,黑,混種狗,大,,無,宜蘭縣動植物防疫所,D-11,http://asms.wsn.com.tw/Eland/ieland/el_LoseDetail.aspx?ID=7252,http://asms.wsn.com.tw/Eland/Upload/104-0647/5ECB04E2D19B4A8FA67D7E8A4B68B464.jpg
1040650,104年03月24日,"頭城  文化路",公所捕獲,3-7歲,公,"黃 藍項圈",混種狗,大,,無,宜蘭縣動植物防疫所,D-9,http://asms.wsn.com.tw/Eland/ieland/el_LoseDetail.aspx?ID=7255,http://asms.wsn.com.tw/Eland/Upload/104-0650/F56E0DCA842E48FFB44BD9E17F5423BD.jpg
1040651,104年03月25日,"冬山  梅花路",本所捕獲,3-7歲,母,棕白,混種狗,大,,無,宜蘭縣動植物防疫所,E-8,http://asms.wsn.com.tw/Eland/ieland/el_LoseDetail.aspx?ID=7256,http://asms.wsn.com.tw/Eland/Upload/104-0651/B7109510B7684C0BA62627AF7DBC1E76.jpg
1040660,104年03月26日,"五結  五結路",民眾送交,"1-3 歲",公,虎斑,混種狗,大,,無,宜蘭縣動植物防疫所,B-11,http://asms.wsn.com.tw/Eland/ieland/el_LoseDetail.aspx?ID=7265,http://asms.wsn.com.tw/Eland/Upload/104-0660/B11738026DCA4FEC9AE721556D2DEED7.jpg
1040669,104年03月27日,"員山  娃娃民宿",公所捕獲,3-7歲,母,黃,混種狗,大,,無,宜蘭縣動植物防疫所,哺-1,http://asms.wsn.com.tw/Eland/ieland/el_LoseDetail.aspx?ID=7274,http://asms.wsn.com.tw/Eland/Upload/104-0669/227457C663524355B2064919CE15DA20.jpg
1040670,104年03月27日,"五結  鎮安村",公所捕獲,3-7歲,母,咖啡,混種狗,大,,無,宜蘭縣動植物防疫所,E-13,http://asms.wsn.com.tw/Eland/ieland/el_LoseDetail.aspx?ID=7275,http://asms.wsn.com.tw/Eland/Upload/104-0670/9F199A25CBEC4A4885891D05DAA5DD01.jpg
1040678,104年03月27日,"羅東  豐年路",公所捕獲,3-7歲,公,黑,混種狗,大,,無,宜蘭縣動植物防疫所,B-7,http://asms.wsn.com.tw/Eland/ieland/el_LoseDetail.aspx?ID=7283,http://asms.wsn.com.tw/Eland/Upload/104-0678/A83316CC08E849B0A77ACF56098981C0.jpg
1040681,104年03月30日,"冬山  梅花路",民眾送交,"1-3 歲",母,黃白,混種狗,大,,無,宜蘭縣動植物防疫所,E-6,http://asms.wsn.com.tw/Eland/ieland/el_LoseDetail.aspx?ID=7291,http://asms.wsn.com.tw/Eland/Upload/104-0681/145380D5B7A94C7C95EB30B4CF801773.jpg
1040682,104年03月30日,"五結  五濱路",民眾送交,"1-3 歲",,虎斑,混種貓,大,,無,宜蘭縣動植物防疫所,幸福貓舍-,http://asms.wsn.com.tw/Eland/ieland/el_LoseDetail.aspx?ID=7292,http://asms.wsn.com.tw/Eland/Upload/104-0682/B03BC6938D8C4EEFB85DA60CDA678831.jpg
1040683,104年03月30日,"冬山  太和村",公所捕獲,3-7歲,母,棕黑,混種狗,大,,無,宜蘭縣動植物防疫所,E-9,http://asms.wsn.com.tw/Eland/ieland/el_LoseDetail.aspx?ID=7293,http://asms.wsn.com.tw/Eland/Upload/104-0683/D0AB47F07A7245FCA56E75DC8699B50D.jpg
1040684,104年03月30日,"冬山  太和村",公所捕獲,3-7歲,母,棕黑,混種狗,大,,無,宜蘭縣動植物防疫所,E-9,http://asms.wsn.com.tw/Eland/ieland/el_LoseDetail.aspx?ID=7294,http://asms.wsn.com.tw/Eland/Upload/104-0684/0E03D88651BD41C2948C79C1C86E2801.jpg
1040698,104年03月30日,"壯圍  黃",公所捕獲,3-7歲,母,黃,混種狗,大,,無,宜蘭縣動植物防疫所,E-11,http://asms.wsn.com.tw/Eland/ieland/el_LoseDetail.aspx?ID=7308,http://asms.wsn.com.tw/Eland/Upload/104-0698/DSC08459.jpg
1040699,104年03月30日,"羅東  中山西路",公所捕獲,3-7歲,公,黑,混種狗,大,,無,宜蘭縣動植物防疫所,D-12,http://asms.wsn.com.tw/Eland/ieland/el_LoseDetail.aspx?ID=7309,http://asms.wsn.com.tw/Eland/Upload/104-0699/137076FE821B46BB878F6186E7E1749C.jpg
1040710,104年03月30日,"員山  蜊埤路",公所捕獲,3-7歲,公,白,混種狗,大,,無,宜蘭縣動植物防疫所,D-4,http://asms.wsn.com.tw/Eland/ieland/el_LoseDetail.aspx?ID=7320,http://asms.wsn.com.tw/Eland/Upload/104-0710/19E1C67B91B64345AAB7C36ED9E6D6FD.jpg
1040721,104年03月31日,"礁溪  二龍村",公所捕獲,3-7歲,公,"黑 綠項圈",混種狗,大,,無,宜蘭縣動植物防疫所,D-16,http://asms.wsn.com.tw/Eland/ieland/el_LoseDetail.aspx?ID=7331,http://asms.wsn.com.tw/Eland/Upload/104-0721/9D126935E4ED482BAE255137662BA1E0.jpg
1040724,104年03月31日,"礁溪  下忠村",公所捕獲,3月齡以下,公,黑,混種狗,小,,無,宜蘭縣動植物防疫所,幼-6,http://asms.wsn.com.tw/Eland/ieland/el_LoseDetail.aspx?ID=7334,http://asms.wsn.com.tw/Eland/Upload/104-0724/41000BBF970C4EDBA23351BD2D330F27.jpg
1040726,104年03月31日,"礁溪  下忠村",公所捕獲,3月齡以下,公,棕,混種狗,小,,無,宜蘭縣動植物防疫所,C-8,http://asms.wsn.com.tw/Eland/ieland/el_LoseDetail.aspx?ID=7336,http://asms.wsn.com.tw/Eland/Upload/104-0726/F82CDDFD12DF4C549D3E12326F2F6D7F.jpg
1040727,104年03月31日,"礁溪  下忠村",公所捕獲,3月齡以下,公,棕,混種狗,小,,無,宜蘭縣動植物防疫所,幼-6,http://asms.wsn.com.tw/Eland/ieland/el_LoseDetail.aspx?ID=7337,http://asms.wsn.com.tw/Eland/Upload/104-0727/5F8348CBC27A4A57A169FA0083790786.jpg
1040731,104年04月01日,"三星  聖母護專",本所捕獲,3-7歲,公,棕黑,混種狗,大,,無,宜蘭縣動植物防疫所,B-9,http://asms.wsn.com.tw/Eland/ieland/el_LoseDetail.aspx?ID=7341,http://asms.wsn.com.tw/Eland/Upload/104-0731/0663CEE91A1143A6A12F35E199F5A855.jpg
1040733,104年04月02日,"大同  寒溪",公所捕獲,3-7歲,公,黑,混種狗,大,,無,宜蘭縣動植物防疫所,D-2,http://asms.wsn.com.tw/Eland/ieland/el_LoseDetail.aspx?ID=7343,http://asms.wsn.com.tw/Eland/Upload/104-0733/6E1E22B5B0D24B36A42FE9C7235E87DA.jpg
1040742,104年04月02日,"大同  崙埤",公所捕獲,3月齡以下,母,黑,混種狗,小,,無,宜蘭縣動植物防疫所,C-8,http://asms.wsn.com.tw/Eland/ieland/el_LoseDetail.aspx?ID=7352,http://asms.wsn.com.tw/Eland/Upload/104-0742/C3672AFA99AC4B638493D3CA3B0A283E.jpg
1040743,104年04月02日,"五結  季水路",民眾送交,6月齡-1歲,,黃虎斑,混種貓,中,,無,宜蘭縣動植物防疫所,幸福貓舍-,http://asms.wsn.com.tw/Eland/ieland/el_LoseDetail.aspx?ID=7353,http://asms.wsn.com.tw/Eland/Upload/104-0743/9318F56A5FD4479C8F65D0E5E07E1806.jpg
1040744,104年04月02日,"冬山  太和",公所捕獲,"1-3 歲",母,棕,混種狗,大,,無,宜蘭縣動植物防疫所,E-4,http://asms.wsn.com.tw/Eland/ieland/el_LoseDetail.aspx?ID=7354,http://asms.wsn.com.tw/Eland/Upload/104-0744/CDBEF5F0384641D0B6E1C3595B33DF9F.jpg
1040754,104年04月02日,"壯圍  美城村",公所捕獲,3-7歲,母,黃,混種狗,大,,無,宜蘭縣動植物防疫所,E-2,http://asms.wsn.com.tw/Eland/ieland/el_LoseDetail.aspx?ID=7364,http://asms.wsn.com.tw/Eland/Upload/104-0754/BEB3A88B7956472A8EB3431DD8BAD5DB.jpg
1040755,104年04月02日,"壯圍  美福村",公所捕獲,6月齡-1歲,母,虎斑,混種狗,大,,無,宜蘭縣動植物防疫所,A-8,http://asms.wsn.com.tw/Eland/ieland/el_LoseDetail.aspx?ID=7365,http://asms.wsn.com.tw/Eland/Upload/104-0755/BFC1A1915E3044BFBF0AC5DC94A82461.jpg
1040765,104年04月07日,"五結  錦眾村",公所捕獲,3-7歲,母,黃,混種狗,大,,無,宜蘭縣動植物防疫所,E-13,http://asms.wsn.com.tw/Eland/ieland/el_LoseDetail.aspx?ID=7376,http://asms.wsn.com.tw/Eland/Upload/104-0765/22CFBC9006D64C949A0269880AF31F2D.jpg
1040770,104年04月07日,"宜蘭  梅洲二路",公所捕獲,3-7歲,公,棕黑,混種狗,大,,無,宜蘭縣動植物防疫所,D-10,http://asms.wsn.com.tw/Eland/ieland/el_LoseDetail.aspx?ID=7381,http://asms.wsn.com.tw/Eland/Upload/104-0770/3AD8A078755D4A1DA3023E842863B881.jpg
1040772,104年04月07日,"頭城  新興路",公所捕獲,3-7歲,,虎斑,混種貓,大,,無,宜蘭縣動植物防疫所,幸福貓舍-,http://asms.wsn.com.tw/Eland/ieland/el_LoseDetail.aspx?ID=7383,http://asms.wsn.com.tw/Eland/Upload/104-0772/245674DBD8D74EFE9D2642FC25D36A68.jpg
1040778,104年04月08日,"羅東  南門郵局",本所捕獲,3-7歲,公,白,混種狗,大,,無,宜蘭縣動植物防疫所,A-5,http://asms.wsn.com.tw/Eland/ieland/el_LoseDetail.aspx?ID=7389,http://asms.wsn.com.tw/Eland/Upload/104-0778/6CCEBC53157846FCAD0E528C9EE786D9.jpg
1040781,104年04月08日,"羅東  羅東夜市",本所捕獲,"1-3 歲",公,黑,混種貓,大,,無,宜蘭縣動植物防疫所,幸福貓舍-,http://asms.wsn.com.tw/Eland/ieland/el_LoseDetail.aspx?ID=7392,http://asms.wsn.com.tw/Eland/Upload/104-0781/BF7597B270B444F59B56E50B826604CE.jpg
1040786,104年04月09日,"五結  親河路",民眾棄養,"1-3 歲",母,黑白,混種狗,大,,90018200071○○○○,宜蘭縣動植物防疫所,B-16,http://asms.wsn.com.tw/Eland/ieland/el_LoseDetail.aspx?ID=7397,http://asms.wsn.com.tw/Eland/Upload/104-0786/F5107BF0B8484BA3A5A69B6947739612.jpg
1040787,104年04月10日,"礁溪  杏和醫院",本所捕獲,3-7歲,公,黑,混種狗,大,,無,宜蘭縣動植物防疫所,A-5,http://asms.wsn.com.tw/Eland/ieland/el_LoseDetail.aspx?ID=7398,http://asms.wsn.com.tw/Eland/Upload/104-0787/B1833BDA8A4E4E5ABF6960ABA0EF3501.jpg
1040797,104年04月13日,"壯圍  壯圍國中",民眾送交,3月齡以下,母,黑,混種狗,小,,無,宜蘭縣動植物防疫所,C-11,http://asms.wsn.com.tw/Eland/ieland/el_LoseDetail.aspx?ID=7408,http://asms.wsn.com.tw/Eland/Upload/104-0797/50B2E4116AC849FF9874B8C086A4E7EF.jpg
1040801,104年04月13日,"南澳  澳花",公所捕獲,3-7歲,公,黃白,混種狗,大,,無,宜蘭縣動植物防疫所,B-1,http://asms.wsn.com.tw/Eland/ieland/el_LoseDetail.aspx?ID=7412,http://asms.wsn.com.tw/Eland/Upload/104-0801/E33F2CBC7DA14F61B69444951730415A.jpg
1040805,104年04月13日,"南澳  澳花",公所捕獲,3月齡以下,母,虎斑,混種狗,大,,無,宜蘭縣動植物防疫所,E-10,http://asms.wsn.com.tw/Eland/ieland/el_LoseDetail.aspx?ID=7416,http://asms.wsn.com.tw/Eland/Upload/104-0805/3EE0667834F8407E9FBF0D319B29D30E.jpg
1040819,104年04月14日,"宜蘭  武營街",公所捕獲,3-7歲,公,棕白,混種狗,大,,無,宜蘭縣動植物防疫所,D-9,http://asms.wsn.com.tw/Eland/ieland/el_LoseDetail.aspx?ID=7430,http://asms.wsn.com.tw/Eland/Upload/104-0819/191D5AC5AC1444DC933ACCBA08BAE375.jpg
1040827,104年04月14日,"南澳  武塔",公所捕獲,"1-3 歲",母,黑,混種狗,大,,無,宜蘭縣動植物防疫所,A-13,http://asms.wsn.com.tw/Eland/ieland/el_LoseDetail.aspx?ID=7438,http://asms.wsn.com.tw/Eland/Upload/104-0827/27D15DD9D6C945A4A9DF2CC510356FFB.jpg
1040843,104年04月15日,"宜蘭  金六結營區",本所捕獲,3-7歲,母,黃,混種狗,大,,無,宜蘭縣動植物防疫所,E-7,http://asms.wsn.com.tw/Eland/ieland/el_LoseDetail.aspx?ID=7454,http://asms.wsn.com.tw/Eland/Upload/104-0843/B1A553FE115A4ACAB58E335D5BD82E9A.jpg
1040846,104年04月15日,"蘇澳  隆恩路",民眾送交,6月齡-1歲,母,三花,混種貓,大,,無,宜蘭縣動植物防疫所,幸福貓舍-,http://asms.wsn.com.tw/Eland/ieland/el_LoseDetail.aspx?ID=7457,http://asms.wsn.com.tw/Eland/Upload/104-0846/90B842D8E10C49E181ADC9114141654C.jpg
1040852,104年04月15日,"冬山  冬山路",民眾棄養,6月齡-1歲,母,白虎斑,混種貓,大,是,90018200067○○○○,宜蘭縣動植物防疫所,幸福貓舍-,http://asms.wsn.com.tw/Eland/ieland/el_LoseDetail.aspx?ID=7463,http://asms.wsn.com.tw/Eland/Upload/104-0852/33656ACE45C74801B1785BE250C8E6D5.jpg
1040853,104年04月15日,"大同  寒溪",公所捕獲,"1-3 歲",母,黑白,混種狗,大,,無,宜蘭縣動植物防疫所,A-4,http://asms.wsn.com.tw/Eland/ieland/el_LoseDetail.aspx?ID=7464,http://asms.wsn.com.tw/Eland/Upload/104-0853/585F758EEFB44EB9AE8CDCAFCFF7F6C1.jpg
1040862,104年04月15日,"大同  寒溪",公所捕獲,"1-3 歲",公,"黃 紅項圈",混種狗,大,,無,宜蘭縣動植物防疫所,D-7,http://asms.wsn.com.tw/Eland/ieland/el_LoseDetail.aspx?ID=7473,http://asms.wsn.com.tw/Eland/Upload/104-0862/ED3C48D5CA5B46DAA1E5724187368C25.jpg
1040863,104年04月15日,"大同  寒溪",公所捕獲,"1-3 歲",公,黑,混種狗,大,,無,宜蘭縣動植物防疫所,B-11,http://asms.wsn.com.tw/Eland/ieland/el_LoseDetail.aspx?ID=7474,http://asms.wsn.com.tw/Eland/Upload/104-0863/8F2D2636098C45AEA63E31AEC0CD8846.jpg
1040866,104年04月15日,"三星  上將路",本所捕獲,3月齡以下,,黑,混種貓,小,,無,宜蘭縣動植物防疫所,幸福貓舍-,http://asms.wsn.com.tw/Eland/ieland/el_LoseDetail.aspx?ID=7477,http://asms.wsn.com.tw/Eland/Upload/104-0866/D5C8F856486E4AF497C6F0F35005CAEF.jpg
1040867,104年04月15日,"冬山  梅花路",本所捕獲,6月齡-1歲,母,黃,混種狗,中,,無,宜蘭縣動植物防疫所,E-3,http://asms.wsn.com.tw/Eland/ieland/el_LoseDetail.aspx?ID=7478,http://asms.wsn.com.tw/Eland/Upload/104-0867/D9F34BC0641F4013BC879CD33C30B231.jpg
1040868,104年04月15日,"五結  五濱路",本所捕獲,3-7歲,公,虎斑,混種狗,大,,無,宜蘭縣動植物防疫所,D-13,http://asms.wsn.com.tw/Eland/ieland/el_LoseDetail.aspx?ID=7479,http://asms.wsn.com.tw/Eland/Upload/104-0868/25BC93A71993463BAC22000B26B2D755.jpg
1040869,104年04月16日,"宜蘭  陽明二路",公所捕獲,"1-3 歲",母,虎斑,混種貓,大,,無,宜蘭縣動植物防疫所,幸福貓舍-,http://asms.wsn.com.tw/Eland/ieland/el_LoseDetail.aspx?ID=7480,http://asms.wsn.com.tw/Eland/Upload/104-0869/1511B7B99F4243FBAC784C38275F3F71.jpg
1040870,104年04月16日,宜蘭,公所捕獲,3-7歲,公,棕黑,混種狗,大,,無,宜蘭縣動植物防疫所,D-2,http://asms.wsn.com.tw/Eland/ieland/el_LoseDetail.aspx?ID=7481,http://asms.wsn.com.tw/Eland/Upload/104-0870/B8277021C4BE41238FE5BCEBFC150DB7.jpg
1040871,104年04月16日,"南澳  東澳",公所捕獲,3-7歲,公,黑,混種狗,大,,無,宜蘭縣動植物防疫所,D-5,http://asms.wsn.com.tw/Eland/ieland/el_LoseDetail.aspx?ID=7482,http://asms.wsn.com.tw/Eland/Upload/104-0871/D34989E8F4B64FE8ACB378F44369C373.jpg
1040873,104年04月16日,"南澳  南澳",公所捕獲,3-7歲,公,"黑 黑項圈",混種狗,大,,無,宜蘭縣動植物防疫所,D-5,http://asms.wsn.com.tw/Eland/ieland/el_LoseDetail.aspx?ID=7484,http://asms.wsn.com.tw/Eland/Upload/104-0873/7BFD571A3DEF45979422979D27A36BEF.jpg
1040874,104年04月16日,"南澳  南澳",公所捕獲,3-7歲,公,棕黑,混種狗,大,,無,宜蘭縣動植物防疫所,D-6,http://asms.wsn.com.tw/Eland/ieland/el_LoseDetail.aspx?ID=7485,http://asms.wsn.com.tw/Eland/Upload/104-0874/06C549E224EB42FF93A19950D12F2695.jpg
1040875,104年04月16日,"南澳  南澳",公所捕獲,"1-3 歲",母,黑,混種狗,大,,無,宜蘭縣動植物防疫所,E-1,http://asms.wsn.com.tw/Eland/ieland/el_LoseDetail.aspx?ID=7486,http://asms.wsn.com.tw/Eland/Upload/104-0875/8E679D8939164C40AD025D646CA79BB7.jpg
1040876,104年04月16日,"南澳  南澳",公所捕獲,3-7歲,公,黑,混種狗,大,,無,宜蘭縣動植物防疫所,D-1,http://asms.wsn.com.tw/Eland/ieland/el_LoseDetail.aspx?ID=7487,http://asms.wsn.com.tw/Eland/Upload/104-0876/58C6D0D0630643F99B991E50F440D831.jpg
1040881,104年04月16日,"壯圍  古結路",公所捕獲,3-7歲,母,白,混種狗,大,,無,宜蘭縣動植物防疫所,E-11,http://asms.wsn.com.tw/Eland/ieland/el_LoseDetail.aspx?ID=7492,http://asms.wsn.com.tw/Eland/Upload/104-0881/B2D128D78DAF46B2AC5AC635E141E2FA.jpg
1040891,104年04月17日,"員山  蛤埤路",公所捕獲,"1-3 歲",母,黑,混種狗,大,,無,宜蘭縣動植物防疫所,E-1,http://asms.wsn.com.tw/Eland/ieland/el_LoseDetail.aspx?ID=7502,http://asms.wsn.com.tw/Eland/Upload/104-0891/4FE4ACE37B0C41F79D5D0FC719E3B15F.jpg
1040892,104年04月17日,"壯圍  大福",民眾棄養,3-7歲,公,棕,混種狗,大,,無,宜蘭縣動植物防疫所,D-2,http://asms.wsn.com.tw/Eland/ieland/el_LoseDetail.aspx?ID=7503,http://asms.wsn.com.tw/Eland/Upload/104-0892/89602066321A492C96183ACDDD633342.jpg
1040898,104年04月20日,"礁溪  時潮",公所捕獲,"1-3 歲",公,黃,混種狗,大,,無,宜蘭縣動植物防疫所,D-8,http://asms.wsn.com.tw/Eland/ieland/el_LoseDetail.aspx?ID=7509,http://asms.wsn.com.tw/Eland/Upload/104-0898/6D68E5D8779C454EA2BB340472C9DCD7.jpg
1040899,104年04月20日,"礁溪  時潮",公所捕獲,3-7歲,母,棕黑,混種狗,大,,無,宜蘭縣動植物防疫所,E-7,http://asms.wsn.com.tw/Eland/ieland/el_LoseDetail.aspx?ID=7510,http://asms.wsn.com.tw/Eland/Upload/104-0899/6A888AED806A4AA1A9AB888AB312F531.jpg
1040900,104年04月20日,"礁溪  大塭",公所捕獲,3-7歲,公,黃,混種狗,大,,無,宜蘭縣動植物防疫所,D-4,http://asms.wsn.com.tw/Eland/ieland/el_LoseDetail.aspx?ID=7511,http://asms.wsn.com.tw/Eland/Upload/104-0900/691AC114D8EF4D10B59E469835AAB185.jpg
1040908,104年04月21日,"礁溪  育龍路",本所捕獲,3-7歲,公,黑,混種狗,大,,無,宜蘭縣動植物防疫所,A-3,http://asms.wsn.com.tw/Eland/ieland/el_LoseDetail.aspx?ID=7519,http://asms.wsn.com.tw/Eland/Upload/104-0908/4C459E98F56F4AFA8F6FABD5733EE66E.jpg
1040926,104年04月22日,"蘇澳  東澳",公所捕獲,"1-3 歲",母,黑,混種狗,大,,無,宜蘭縣動植物防疫所,E-3,http://asms.wsn.com.tw/Eland/ieland/el_LoseDetail.aspx?ID=7537,http://asms.wsn.com.tw/Eland/Upload/104-0926/30154522375A4B5BA9F97784156FF7EF.jpg
1040927,104年04月22日,"蘇澳  東澳",公所捕獲,3月齡以下,母,黑,混種狗,小,,無,宜蘭縣動植物防疫所,C-10,http://asms.wsn.com.tw/Eland/ieland/el_LoseDetail.aspx?ID=7538,http://asms.wsn.com.tw/Eland/Upload/104-0927/36A961CFF893413FBC0C8101A145858F.jpg
1040931,104年04月22日,"蘇澳  東澳",公所捕獲,3月齡以下,公,棕,混種狗,小,,無,宜蘭縣動植物防疫所,C-10,http://asms.wsn.com.tw/Eland/ieland/el_LoseDetail.aspx?ID=7542,"http://asms.wsn.com.tw/Eland/Upload/104-0931/C-7 104-931.jpg"
1040933,104年04月22日,"蘇澳  東澳",公所捕獲,3月齡以下,母,棕,混種狗,小,,無,宜蘭縣動植物防疫所,C-10,http://asms.wsn.com.tw/Eland/ieland/el_LoseDetail.aspx?ID=7544,"http://asms.wsn.com.tw/Eland/Upload/104-0933/C-7 104-933.jpg"
1040937,104年04月23日,"大同  復興",公所捕獲,"1-3 歲",公,黑,混種狗,大,,無,宜蘭縣動植物防疫所,D-3,http://asms.wsn.com.tw/Eland/ieland/el_LoseDetail.aspx?ID=7548,http://asms.wsn.com.tw/Eland/Upload/104-0937/6401D804ACFC42C6B1042171F9B4EFB4.jpg
1040938,104年04月23日,"大同  復興",公所捕獲,"1-3 歲",公,白,混種狗,大,,無,宜蘭縣動植物防疫所,D-3,http://asms.wsn.com.tw/Eland/ieland/el_LoseDetail.aspx?ID=7549,http://asms.wsn.com.tw/Eland/Upload/104-0938/BF12FB38B99E4FBDA8045E77AA377545.jpg
1040941,104年04月23日,"宜蘭  宜科",公所捕獲,"1-3 歲",公,棕白,混種狗,大,,無,宜蘭縣動植物防疫所,D-13,http://asms.wsn.com.tw/Eland/ieland/el_LoseDetail.aspx?ID=7552,http://asms.wsn.com.tw/Eland/Upload/104-0941/E997A12B6A324903844BA7737D83458B.jpg
1040942,104年04月23日,"宜蘭  文昌路",公所捕獲,"1-3 歲",公,棕,混種狗,大,,無,宜蘭縣動植物防疫所,D-11,http://asms.wsn.com.tw/Eland/ieland/el_LoseDetail.aspx?ID=7553,http://asms.wsn.com.tw/Eland/Upload/104-0942/FF65FD998DA74D45B47FEAEA0328A7BD.jpg
1040943,104年04月23日,"五結  利成路",民眾棄養,3-7歲,公,虎斑,混種貓,大,否,90012800013○○○○,宜蘭縣動植物防疫所,幸福貓舍-,http://asms.wsn.com.tw/Eland/ieland/el_LoseDetail.aspx?ID=7554,http://asms.wsn.com.tw/Eland/Upload/104-0943/2080FF5286F3476CAA437220963A42AD.jpg
1040944,104年04月23日,"五結  利成路",民眾棄養,3-7歲,公,虎斑,混種貓,大,,無,宜蘭縣動植物防疫所,幸福貓舍-,http://asms.wsn.com.tw/Eland/ieland/el_LoseDetail.aspx?ID=7555,http://asms.wsn.com.tw/Eland/Upload/104-0944/80209CB854CE494FBF66982D665D8280.jpg
1040952,104年04月24日,"大同  牛鬥",公所捕獲,"1-3 歲",母,棕,混種狗,大,,無,宜蘭縣動植物防疫所,E-8,http://asms.wsn.com.tw/Eland/ieland/el_LoseDetail.aspx?ID=7563,http://asms.wsn.com.tw/Eland/Upload/104-0952/53951B80BE9B498CBE2111B7C19F9240.jpg
1040953,104年04月24日,"大同  牛鬥",公所捕獲,"1-3 歲",母,黑,混種狗,大,,無,宜蘭縣動植物防疫所,E-13,http://asms.wsn.com.tw/Eland/ieland/el_LoseDetail.aspx?ID=7564,http://asms.wsn.com.tw/Eland/Upload/104-0953/8B78811567E140A0BCD67549E4657B08.jpg
1040956,104年04月27日,"羅東  純精路",民眾送交,"1-3 歲",,黃虎斑,混種貓,大,,無,宜蘭縣動植物防疫所,幸福貓舍-,http://asms.wsn.com.tw/Eland/ieland/el_LoseDetail.aspx?ID=7567,http://asms.wsn.com.tw/Eland/Upload/104-0956/F22B073BD1B244B0A5B2DC1487F6D9C7.jpg
1040959,104年04月27日,"五結  季水路",民眾送交,3月齡以下,,虎斑,混種貓,小,,無,宜蘭縣動植物防疫所,幸福貓舍-,http://asms.wsn.com.tw/Eland/ieland/el_LoseDetail.aspx?ID=7570,http://asms.wsn.com.tw/Eland/Upload/104-0959/EBDAA2FA614C41C5B5BFA1FE294D2BFA.jpg
1040962,104年04月27日,"礁溪  德陽路",本所捕獲,"1-3 歲",母,黑,混種狗,大,,無,宜蘭縣動植物防疫所,中庭區-,http://asms.wsn.com.tw/Eland/ieland/el_LoseDetail.aspx?ID=7573,http://asms.wsn.com.tw/Eland/Upload/104-0962/CEB17E5C0F65420BB24BB693D06A0947.jpg
1040970,104年04月27日,"羅東  純精路",民眾送交,3月齡以下,,三花,混種貓,大,,無,宜蘭縣動植物防疫所,幸福貓舍-,http://asms.wsn.com.tw/Eland/ieland/el_LoseDetail.aspx?ID=7581,http://asms.wsn.com.tw/Eland/Upload/104-0970/D938D6FA14CD44949A90F79A87AC07F7.jpg
1040971,104年04月27日,"冬山  順安國小",本所捕獲,3月齡以下,母,黑,混種狗,小,,無,宜蘭縣動植物防疫所,C-8,http://asms.wsn.com.tw/Eland/ieland/el_LoseDetail.aspx?ID=7582,http://asms.wsn.com.tw/Eland/Upload/104-0971/BED7B5C5EA8B43F3B6B03AAA0FC20943.jpg
1040972,104年04月27日,"冬山  順安國小",本所捕獲,3月齡以下,母,棕,混種狗,小,,無,宜蘭縣動植物防疫所,C-8,http://asms.wsn.com.tw/Eland/ieland/el_LoseDetail.aspx?ID=7583,http://asms.wsn.com.tw/Eland/Upload/104-0972/E629107EFB2E43C199BE6AD8B961960E.jpg
1040981,104年04月28日,"員山  永同路",本所捕獲,3月齡以下,公,黑,混種狗,小,,無,宜蘭縣動植物防疫所,保育室-,http://asms.wsn.com.tw/Eland/ieland/el_LoseDetail.aspx?ID=7592,http://asms.wsn.com.tw/Eland/Upload/104-0981/70713F6A25324273ACF971A2846B2725.jpg
1040984,104年04月28日,"礁溪  礁溪",民眾送交,"1-3 歲",母,白,混種狗,大,,無,宜蘭縣動植物防疫所,E-2,http://asms.wsn.com.tw/Eland/ieland/el_LoseDetail.aspx?ID=7595,http://asms.wsn.com.tw/Eland/Upload/104-0984/831439E12E594C0296CA9BC8A7287D52.jpg
1040985,104年04月28日,"礁溪  礁溪",民眾送交,3月齡以下,母,白,混種狗,小,,無,宜蘭縣動植物防疫所,C-8,http://asms.wsn.com.tw/Eland/ieland/el_LoseDetail.aspx?ID=7596,http://asms.wsn.com.tw/Eland/Upload/104-0985/9BA73566A9A848FF9E4562E638268813.jpg
1040986,104年04月28日,"礁溪  礁溪",民眾送交,3月齡以下,母,白,混種狗,小,,無,宜蘭縣動植物防疫所,C-8,http://asms.wsn.com.tw/Eland/ieland/el_LoseDetail.aspx?ID=7597,http://asms.wsn.com.tw/Eland/Upload/104-0986/96F93FECD17B40FBBEE94F02D862E4D8.jpg
1040987,104年04月28日,"礁溪  礁溪",民眾送交,3月齡以下,母,白,混種狗,小,,無,宜蘭縣動植物防疫所,C-8,http://asms.wsn.com.tw/Eland/ieland/el_LoseDetail.aspx?ID=7598,http://asms.wsn.com.tw/Eland/Upload/104-0987/C555AFB2F9D34D82BD98C2BD5EA10C79.jpg
1040989,104年04月28日,"礁溪  時潮村",公所捕獲,"1-3 歲",母,黑,混種狗,大,,無,宜蘭縣動植物防疫所,E-11,http://asms.wsn.com.tw/Eland/ieland/el_LoseDetail.aspx?ID=7600,http://asms.wsn.com.tw/Eland/Upload/104-0989/D59A1475656847F2A90F89659C16C2AE.jpg
1040991,104年04月28日,"頭城  大武",公所捕獲,"1-3 歲",公,黑,混種狗,大,,無,宜蘭縣動植物防疫所,D-12,http://asms.wsn.com.tw/Eland/ieland/el_LoseDetail.aspx?ID=7602,http://asms.wsn.com.tw/Eland/Upload/104-0991/7A16C7B471EC4CDBBC66FCA684AF7620.jpg
1040993,104年04月28日,"頭城  大武",公所捕獲,3-6月齡,母,棕黑,混種狗,中,,無,宜蘭縣動植物防疫所,C-13,http://asms.wsn.com.tw/Eland/ieland/el_LoseDetail.aspx?ID=7604,http://asms.wsn.com.tw/Eland/Upload/104-0993/E1D6996F041A42AA8536E33BC8EE12A1.jpg
1040994,104年04月28日,"頭城  大武",公所捕獲,3-6月齡,公,棕黑,混種狗,中,,無,宜蘭縣動植物防疫所,C-13,http://asms.wsn.com.tw/Eland/ieland/el_LoseDetail.aspx?ID=7605,http://asms.wsn.com.tw/Eland/Upload/104-0994/E6EAFF61ED7B4694AC74F2DB97A5B432.jpg
1041002,104年04月29日,"礁溪  大福路",公所捕獲,"1-3 歲",公,黑,混種狗,大,,無,宜蘭縣動植物防疫所,D-6,http://asms.wsn.com.tw/Eland/ieland/el_LoseDetail.aspx?ID=7614,http://asms.wsn.com.tw/Eland/Upload/104-1002/66A54A40F65945E9B0ECA8F63BE82E0B.jpg
1041010,104年05月01日,"五結  三結路",民眾棄養,3-7歲,公,黑,混種狗,大,,無,宜蘭縣動植物防疫所,B-15,http://asms.wsn.com.tw/Eland/ieland/el_LoseDetail.aspx?ID=7622,http://asms.wsn.com.tw/Eland/Upload/104-1010/BECBDF4A6EE44D018B1EA494B4677759.jpg
1041012,104年05月01日,"蘇澳  南強里",公所捕獲,6月齡-1歲,母,棕黑,混種狗,中,,無,宜蘭縣動植物防疫所,C-13,http://asms.wsn.com.tw/Eland/ieland/el_LoseDetail.aspx?ID=7624,http://asms.wsn.com.tw/Eland/Upload/104-1012/4150E1D6BDAE4AF8907E83A390C05B01.jpg
1041015,104年05月01日,"蘇澳  南強里",公所捕獲,"1-3 歲",母,黑,混種狗,大,,無,宜蘭縣動植物防疫所,E-3,http://asms.wsn.com.tw/Eland/ieland/el_LoseDetail.aspx?ID=7627,http://asms.wsn.com.tw/Eland/Upload/104-1015/43554CE8A6E74DD7AC1C84000AEE4938.jpg
1041024,104年05月04日,"三星  尚武中興路",公所捕獲,3-7歲,公,咖啡,混種狗,大,,無,宜蘭縣動植物防疫所,哺-8,http://asms.wsn.com.tw/Eland/ieland/el_LoseDetail.aspx?ID=7636,http://asms.wsn.com.tw/Eland/Upload/104-1024/E1CF71F885CC4F9F9D653AED9B7661DE.jpg
1041025,104年05月04日,"大同  牛鬥",公所捕獲,6月齡-1歲,公,黃,混種狗,大,,無,宜蘭縣動植物防疫所,D-8,http://asms.wsn.com.tw/Eland/ieland/el_LoseDetail.aspx?ID=7637,http://asms.wsn.com.tw/Eland/Upload/104-1025/C2190901BF044551A4F1C8C6ACB0C04B.jpg
1041026,104年05月04日,"五結  成興村",民眾送交,"1-3 歲",母,黃,混種狗,大,,無,宜蘭縣動植物防疫所,E-4,http://asms.wsn.com.tw/Eland/ieland/el_LoseDetail.aspx?ID=7638,http://asms.wsn.com.tw/Eland/Upload/104-1026/AFC6B4D385034ED78B7C9B59A932D978.jpg
1041032,104年05月04日,"冬山  中山村",公所捕獲,"1-3 歲",母,咖啡,混種狗,大,,15810096527○○○○,宜蘭縣動植物防疫所,E-6,http://asms.wsn.com.tw/Eland/ieland/el_LoseDetail.aspx?ID=7644,http://asms.wsn.com.tw/Eland/Upload/104-1032/4B20667925B246AC8E0B81BC753B31C2.jpg
1041033,104年05月04日,"冬山  中山村",公所捕獲,3月齡以下,公,"黑 藍項圈",混種狗,小,,無,宜蘭縣動植物防疫所,C-12,http://asms.wsn.com.tw/Eland/ieland/el_LoseDetail.aspx?ID=7645,http://asms.wsn.com.tw/Eland/Upload/104-1033/942552615366491CA4FD34CBE4E3CCCC.jpg
1041034,104年05月04日,"冬山  中山村",公所捕獲,3月齡以下,公,黑,混種狗,小,,無,宜蘭縣動植物防疫所,C-12,http://asms.wsn.com.tw/Eland/ieland/el_LoseDetail.aspx?ID=7646,http://asms.wsn.com.tw/Eland/Upload/104-1034/0F107FD60C5D45D3A5550B274DF98B90.jpg
1041035,104年05月04日,"冬山  中山村",公所捕獲,3月齡以下,公,咖啡,混種狗,小,,無,宜蘭縣動植物防疫所,C-12,http://asms.wsn.com.tw/Eland/ieland/el_LoseDetail.aspx?ID=7647,http://asms.wsn.com.tw/Eland/Upload/104-1035/D75D06B224B744E48BEEA08BD6ACF7F3.jpg
1041036,104年05月04日,"冬山  中山村",公所捕獲,3月齡以下,公,黑,混種狗,小,,無,宜蘭縣動植物防疫所,C-12,http://asms.wsn.com.tw/Eland/ieland/el_LoseDetail.aspx?ID=7648,http://asms.wsn.com.tw/Eland/Upload/104-1036/9186379AE5BC4707ABCC7C7806666E3F.jpg
1041041,104年05月05日,"礁溪  光武路",民眾送交,3-6月齡,公,黑,混種狗,小,,無,宜蘭縣動植物防疫所,C-13,http://asms.wsn.com.tw/Eland/ieland/el_LoseDetail.aspx?ID=7653,http://asms.wsn.com.tw/Eland/Upload/104-1041/6353BAF6F98140889659184C1058E822.jpg
1041042,104年05月05日,"礁溪  光武路",民眾送交,3-6月齡,母,黑,混種狗,小,,無,宜蘭縣動植物防疫所,C-12,http://asms.wsn.com.tw/Eland/ieland/el_LoseDetail.aspx?ID=7654,http://asms.wsn.com.tw/Eland/Upload/104-1042/EE1587E101034A6DAC9BD4ACDEE0BEB3.jpg
1041043,104年05月05日,"礁溪  光武路",民眾送交,3-6月齡,母,黑,混種狗,小,,無,宜蘭縣動植物防疫所,C-13,http://asms.wsn.com.tw/Eland/ieland/el_LoseDetail.aspx?ID=7655,http://asms.wsn.com.tw/Eland/Upload/104-1043/C689903967674E009A1E89A07E36CCE1.jpg
1041044,104年05月05日,"礁溪  光武路",民眾送交,3-6月齡,母,黑,混種狗,小,,無,宜蘭縣動植物防疫所,C-13,http://asms.wsn.com.tw/Eland/ieland/el_LoseDetail.aspx?ID=7656,http://asms.wsn.com.tw/Eland/Upload/104-1044/CADE011454694A2289CEF92935938749.jpg
1041045,104年05月05日,"礁溪  光武路",民眾送交,3月齡以下,母,黑,混種狗,小,,無,宜蘭縣動植物防疫所,保育室-,http://asms.wsn.com.tw/Eland/ieland/el_LoseDetail.aspx?ID=7657,http://asms.wsn.com.tw/Eland/Upload/104-1045/6BD5092AC51C4BB3B682E3DF4C6CE362.jpg
1041046,104年05月05日,"礁溪  光武路",民眾送交,3-6月齡,母,黃,混種狗,小,,無,宜蘭縣動植物防疫所,C-12,http://asms.wsn.com.tw/Eland/ieland/el_LoseDetail.aspx?ID=7658,http://asms.wsn.com.tw/Eland/Upload/104-1046/4329EA3E52674ABFB85529F8301E002F.jpg
1041050,104年05月05日,"頭城  頭城",公所捕獲,3月齡以下,公,棕,混種狗,小,,無,宜蘭縣動植物防疫所,保育室-,http://asms.wsn.com.tw/Eland/ieland/el_LoseDetail.aspx?ID=7662,http://asms.wsn.com.tw/Eland/Upload/104-1050/9D054185EB7648F5802A21B8D1CDBF9E.jpg
1041055,104年05月05日,"頭城  復興路",公所捕獲,"1-3 歲",公,黑,混種狗,大,,無,宜蘭縣動植物防疫所,D-14,http://asms.wsn.com.tw/Eland/ieland/el_LoseDetail.aspx?ID=7667,http://asms.wsn.com.tw/Eland/Upload/104-1055/903601DABEBD410B8B1A002827270053.jpg
1041056,104年05月06日,"蘇澳  隆恩路",民眾送交,"1-3 歲",,黃白,混種貓,大,,無,宜蘭縣動植物防疫所,幸福貓舍-,http://asms.wsn.com.tw/Eland/ieland/el_LoseDetail.aspx?ID=7668,http://asms.wsn.com.tw/Eland/Upload/104-1056/FED98D4FA5EA40088F48D86785B99184.jpg
1041058,104年05月06日,"礁溪  時潮村",公所捕獲,3月齡以下,公,棕黑,混種狗,小,,無,宜蘭縣動植物防疫所,保育室-,http://asms.wsn.com.tw/Eland/ieland/el_LoseDetail.aspx?ID=7670,http://asms.wsn.com.tw/Eland/Upload/104-1058/D9266111C00E415788047FD6F4AED07F.jpg
1041060,104年05月06日,"礁溪  時潮村",公所捕獲,3月齡以下,公,黃,混種狗,小,,無,宜蘭縣動植物防疫所,保育室-,http://asms.wsn.com.tw/Eland/ieland/el_LoseDetail.aspx?ID=7672,http://asms.wsn.com.tw/Eland/Upload/104-1060/DBB137C0CA964A3F863C382340E0F63A.jpg
1041069,104年05月07日,"羅東  公正路",民眾送交,"1-3 歲",公,黑,混種狗,大,,無,宜蘭縣動植物防疫所,B-2,http://asms.wsn.com.tw/Eland/ieland/el_LoseDetail.aspx?ID=7681,http://asms.wsn.com.tw/Eland/Upload/104-1069/757E9339F1B446E2B68CF5F1B9CA599B.jpg
1041070,104年05月06日,"宜蘭  泰山路",公所捕獲,"1-3 歲",,黃虎斑,混種貓,大,,無,宜蘭縣動植物防疫所,幸福貓舍-,http://asms.wsn.com.tw/Eland/ieland/el_LoseDetail.aspx?ID=7682,http://asms.wsn.com.tw/Eland/Upload/104-1070/4E54903BF3E74E29BC0551D08CDBFA66.jpg
1041071,104年05月07日,"宜蘭  梅洲二路",公所捕獲,3-7歲,公,黑,混種狗,大,,無,宜蘭縣動植物防疫所,D-12,http://asms.wsn.com.tw/Eland/ieland/el_LoseDetail.aspx?ID=7683,http://asms.wsn.com.tw/Eland/Upload/104-1071/F2E10949F72F4D81B3668F084E0316B0.jpg
1041076,104年05月07日,"冬山  晨溪",公所捕獲,"1-3 歲",母,黑白,混種狗,大,,無,宜蘭縣動植物防疫所,E-4,http://asms.wsn.com.tw/Eland/ieland/el_LoseDetail.aspx?ID=7688,http://asms.wsn.com.tw/Eland/Upload/104-1076/CAC7142272764D15A360A740DE7059F3.jpg
1041077,104年05月07日,"五結  季水路",公所捕獲,3-6月齡,母,棕,混種狗,小,,無,宜蘭縣動植物防疫所,中庭區-,http://asms.wsn.com.tw/Eland/ieland/el_LoseDetail.aspx?ID=7689,"http://asms.wsn.com.tw/Eland/Upload/104-1077/中庭 104-1077.jpg"
1041078,104年05月07日,"五結  季水路",公所捕獲,3-6月齡,母,黑,混種狗,小,,無,宜蘭縣動植物防疫所,中庭區-,http://asms.wsn.com.tw/Eland/ieland/el_LoseDetail.aspx?ID=7690,"http://asms.wsn.com.tw/Eland/Upload/104-1078/中庭 104-1078.jpg"
1041079,104年05月07日,"五結  季水路",公所捕獲,3-6月齡,公,黃,混種狗,小,,無,宜蘭縣動植物防疫所,中庭區-,http://asms.wsn.com.tw/Eland/ieland/el_LoseDetail.aspx?ID=7691,http://asms.wsn.com.tw/Eland/Upload/104-1079/28178F113F9F4957B94805CB0064C2C6.jpg
1041080,104年05月07日,"五結  季水路",公所捕獲,3-6月齡,母,黑,混種狗,小,,無,宜蘭縣動植物防疫所,中庭區-,http://asms.wsn.com.tw/Eland/ieland/el_LoseDetail.aspx?ID=7692,http://asms.wsn.com.tw/Eland/Upload/104-1080/94F5EE57131847078D82B22BFE8E7638.jpg
1041081,104年05月07日,"壯圍  壯圍鄉公所",公所捕獲,3-6月齡,母,黑,混種狗,小,,無,宜蘭縣動植物防疫所,中庭區-,http://asms.wsn.com.tw/Eland/ieland/el_LoseDetail.aspx?ID=7693,http://asms.wsn.com.tw/Eland/Upload/104-1081/7056F9A0A3614CF6828331D4F01582B4.jpg
1041090,104年05月08日,"礁溪  礁溪林尾村",公所捕獲,"1-3 歲",公,黑白,混種狗,大,,無,宜蘭縣動植物防疫所,D-14,http://asms.wsn.com.tw/Eland/ieland/el_LoseDetail.aspx?ID=7702,http://asms.wsn.com.tw/Eland/Upload/104-1090/8E94AFF2177D4B3EB7B156DCE5F2F865.jpg
1041093,104年05月08日,"礁溪  礁溪路",民眾送交,"1-3 歲",母,虎斑白,混種貓,大,,無,宜蘭縣動植物防疫所,幸福貓舍-,http://asms.wsn.com.tw/Eland/ieland/el_LoseDetail.aspx?ID=7705,http://asms.wsn.com.tw/Eland/Upload/104-1093/A4D2C5EB52D247599E90007DA79882C0.jpg
1041099,104年05月11日,"五結  二結土地公廟",公所捕獲,3-7歲,公,棕,混種狗,大,,無,宜蘭縣動植物防疫所,D-15,http://asms.wsn.com.tw/Eland/ieland/el_LoseDetail.aspx?ID=7711,http://asms.wsn.com.tw/Eland/Upload/104-1099/961E0D63E7494C9D96CB6BFE68CF922D.jpg
1041105,104年05月11日,"礁溪  礁溪武暖",民眾送交,3-7歲,母,黑,混種狗,大,,無,宜蘭縣動植物防疫所,E-14,http://asms.wsn.com.tw/Eland/ieland/el_LoseDetail.aspx?ID=7717,http://asms.wsn.com.tw/Eland/Upload/104-1105/3B215D6E02734322BCA7DA6859F61654.jpg
1041111,104年05月12日,"冬山  義成路三段223號",公所捕獲,3-7歲,母,虎斑,混種狗,大,,無,宜蘭縣動植物防疫所,E-15,http://asms.wsn.com.tw/Eland/ieland/el_LoseDetail.aspx?ID=7723,http://asms.wsn.com.tw/Eland/Upload/104-1111/ACB830386E1E41B981F16CC66B62102F.jpg
1041112,104年05月12日,"頭城  協天路",公所捕獲,"1-3 歲",公,白,混種狗,大,,無,宜蘭縣動植物防疫所,A-2,http://asms.wsn.com.tw/Eland/ieland/el_LoseDetail.aspx?ID=7724,http://asms.wsn.com.tw/Eland/Upload/104-1112/49022AF2ECB446268C7EC3B4F940864A.jpg
1041113,104年05月12日,"頭城  協天路",公所捕獲,"1-3 歲",母,黑,混種狗,大,,無,宜蘭縣動植物防疫所,E-14,http://asms.wsn.com.tw/Eland/ieland/el_LoseDetail.aspx?ID=7725,http://asms.wsn.com.tw/Eland/Upload/104-1113/5832EB337C2049A480A446F551201F3E.jpg
1041114,104年05月12日,"頭城  協天路",公所捕獲,3-7歲,母,黃,混種狗,大,,無,宜蘭縣動植物防疫所,E-14,http://asms.wsn.com.tw/Eland/ieland/el_LoseDetail.aspx?ID=7726,http://asms.wsn.com.tw/Eland/Upload/104-1114/D416BB7973DF4240A6465ED722BC3DA9.jpg
1041115,104年05月13日,"五結  蝦之城",公所捕獲,3月齡以下,母,黑,混種狗,小,,無,宜蘭縣動植物防疫所,幼-9,http://asms.wsn.com.tw/Eland/ieland/el_LoseDetail.aspx?ID=7727,http://asms.wsn.com.tw/Eland/Upload/104-1115/0C3533A730FD411C8A635049331092A4.jpg
1041116,104年05月13日,"五結  蝦之城",公所捕獲,3月齡以下,母,黑,混種狗,小,,無,宜蘭縣動植物防疫所,幼-9,http://asms.wsn.com.tw/Eland/ieland/el_LoseDetail.aspx?ID=7728,http://asms.wsn.com.tw/Eland/Upload/104-1116/84E1632945D54F21BE68814DD9FB6EA6.jpg
1041117,104年05月13日,"五結  蝦之城",公所捕獲,3月齡以下,母,黑,混種狗,小,,無,宜蘭縣動植物防疫所,幼-10,http://asms.wsn.com.tw/Eland/ieland/el_LoseDetail.aspx?ID=7729,http://asms.wsn.com.tw/Eland/Upload/104-1117/B66DE8AD4BB046619D1F36901F8C7612.jpg
1041118,104年05月13日,"五結  蝦之城",公所捕獲,3月齡以下,母,黑,混種狗,小,,無,宜蘭縣動植物防疫所,幼-10,http://asms.wsn.com.tw/Eland/ieland/el_LoseDetail.aspx?ID=7730,http://asms.wsn.com.tw/Eland/Upload/104-1118/4F0A54BE1DD54BCF869A4829CE0F49C5.jpg
1041120,104年05月13日,"五結  傳藝路",公所捕獲,"1-3 歲",公,黑,混種狗,大,,無,宜蘭縣動植物防疫所,D-5,http://asms.wsn.com.tw/Eland/ieland/el_LoseDetail.aspx?ID=7732,http://asms.wsn.com.tw/Eland/Upload/104-1120/872E4D5984D041B3802ACE1332ED9970.jpg
1041121,104年05月13日,"五結  蝦之城",公所捕獲,3-7歲,母,黑,混種狗,大,,無,宜蘭縣動植物防疫所,E-10,http://asms.wsn.com.tw/Eland/ieland/el_LoseDetail.aspx?ID=7733,http://asms.wsn.com.tw/Eland/Upload/104-1121/F2021DCD50F0460EAAF7D5910D5740C7.jpg
1041122,104年05月13日,"五結  傳藝路",公所捕獲,3-7歲,公,棕,混種狗,大,,無,宜蘭縣動植物防疫所,D-7,http://asms.wsn.com.tw/Eland/ieland/el_LoseDetail.aspx?ID=7734,http://asms.wsn.com.tw/Eland/Upload/104-1122/C615214FB02F49688422769A7CEAD9A3.jpg
1041124,104年05月13日,"五結  鎮安村",公所捕獲,3-7歲,公,棕,混種狗,大,,無,宜蘭縣動植物防疫所,D-7,http://asms.wsn.com.tw/Eland/ieland/el_LoseDetail.aspx?ID=7736,"http://asms.wsn.com.tw/Eland/Upload/104-1124/D-7 104-1124.jpg"
1041128,104年05月13日,"大同  寒溪",公所捕獲,3-7歲,公,"黑白 紅項圈",混種狗,大,,無,宜蘭縣動植物防疫所,D-9,http://asms.wsn.com.tw/Eland/ieland/el_LoseDetail.aspx?ID=7740,http://asms.wsn.com.tw/Eland/Upload/104-1128/DACAE9951B114FF7BE77F385F4B0C22A.jpg
1041131,104年05月13日,"大同  崙埤",公所捕獲,3月齡以下,公,虎斑,混種狗,小,,無,宜蘭縣動植物防疫所,保育室-,http://asms.wsn.com.tw/Eland/ieland/el_LoseDetail.aspx?ID=7743,http://asms.wsn.com.tw/Eland/Upload/104-1131/67253081BF2B43CA86996C8FC66CCFCB.jpg
1041132,104年05月13日,"礁溪  龍潭",公所捕獲,3-7歲,母,黑,混種狗,大,,無,宜蘭縣動植物防疫所,E-16,http://asms.wsn.com.tw/Eland/ieland/el_LoseDetail.aspx?ID=7744,http://asms.wsn.com.tw/Eland/Upload/104-1132/A6E39164ADF1497DAE6580B7F0131507.jpg
1041133,104年05月13日,"礁溪  玉石村",公所捕獲,3-7歲,公,黑,混種狗,大,,無,宜蘭縣動植物防疫所,D-11,http://asms.wsn.com.tw/Eland/ieland/el_LoseDetail.aspx?ID=7745,http://asms.wsn.com.tw/Eland/Upload/104-1133/7DBB87BB73934AA3A2AC0072901E3B05.jpg
1041137,104年05月14日,"羅東  羅東",民眾棄養,3-7歲,公,黑白,吉娃娃,小,是,無,宜蘭縣動植物防疫所,保育室-,http://asms.wsn.com.tw/Eland/ieland/el_LoseDetail.aspx?ID=7749,http://asms.wsn.com.tw/Eland/Upload/104-1137/74AC0288888C48029ED95476E2C55221.jpg
1041139,104年05月14日,"蘇澳  永愛路",民眾棄養,3-7歲,公,白,金吉拉,大,,無,宜蘭縣動植物防疫所,幸福貓舍-,http://asms.wsn.com.tw/Eland/ieland/el_LoseDetail.aspx?ID=7752,http://asms.wsn.com.tw/Eland/Upload/104-1139/66C1C61D131C49F19172339018F3A228.jpg
1041142,104年05月14日,"員山  員山路",公所捕獲,"1-3 歲",公,虎斑,混種狗,大,,無,宜蘭縣動植物防疫所,D-15,http://asms.wsn.com.tw/Eland/ieland/el_LoseDetail.aspx?ID=7755,http://asms.wsn.com.tw/Eland/Upload/104-1142/68DABD8210BF431D8DE541402B8DF11E.jpg
1041144,104年05月14日,"五結  西河二路",民眾送交,3-7歲,,白虎斑,混種貓,大,,無,宜蘭縣動植物防疫所,幸福貓舍-,http://asms.wsn.com.tw/Eland/ieland/el_LoseDetail.aspx?ID=7757,http://asms.wsn.com.tw/Eland/Upload/104-1144/1EDAD94CDDED48BFA29DFDD1CE80822A.jpg
1041147,104年05月15日,"員山  員山路一段",公所捕獲,"1-3 歲",公,棕,混種狗,大,,無,宜蘭縣動植物防疫所,D-12,http://asms.wsn.com.tw/Eland/ieland/el_LoseDetail.aspx?ID=7760,http://asms.wsn.com.tw/Eland/Upload/104-1147/2DD99F84E08045F1BE9BD486ADD0EB9A.jpg
1041148,104年05月15日,"五結  親河路加油站",公所捕獲,"1-3 歲",母,黑,混種狗,大,,無,宜蘭縣動植物防疫所,E-12,http://asms.wsn.com.tw/Eland/ieland/el_LoseDetail.aspx?ID=7761,"http://asms.wsn.com.tw/Eland/Upload/104-1148/E-12 104-1148.jpg"
1041152,104年05月15日,"頭城  北宜路",民眾送交,3月齡以下,公,棕,混種狗,小,,無,宜蘭縣動植物防疫所,保育室-,http://asms.wsn.com.tw/Eland/ieland/el_LoseDetail.aspx?ID=7765,http://asms.wsn.com.tw/Eland/Upload/104-1152/76F6BFF1A4914C12BB19045B96C2D29D.jpg
1041153,104年05月15日,"頭城  北宜路",民眾送交,3月齡以下,母,棕,混種狗,小,,無,宜蘭縣動植物防疫所,保育室-,http://asms.wsn.com.tw/Eland/ieland/el_LoseDetail.aspx?ID=7766,http://asms.wsn.com.tw/Eland/Upload/104-1153/E69EFAAD404B47E582606238A7BDB98B.jpg
1041158,104年05月15日,"五結  西河路",民眾送交,3月齡以下,,三花,混種貓,小,,無,宜蘭縣動植物防疫所,幸福貓舍-,http://asms.wsn.com.tw/Eland/ieland/el_LoseDetail.aspx?ID=7771,http://asms.wsn.com.tw/Eland/Upload/104-1158/967FB05EEC824401B402C57499DBEEB6.jpg
1041159,104年05月15日,"五結  西河路",民眾送交,3月齡以下,,虎斑,混種貓,小,,無,宜蘭縣動植物防疫所,幸福貓舍-,http://asms.wsn.com.tw/Eland/ieland/el_LoseDetail.aspx?ID=7772,http://asms.wsn.com.tw/Eland/Upload/104-1159/EAA6B66424AD4585B1DE73BCF12FF233.jpg
1041160,104年05月15日,"五結  西河路",民眾送交,3月齡以下,,虎斑,混種貓,小,,無,宜蘭縣動植物防疫所,幸福貓舍-,http://asms.wsn.com.tw/Eland/ieland/el_LoseDetail.aspx?ID=7773,http://asms.wsn.com.tw/Eland/Upload/104-1160/889B744A3B104A5FB8C81CE3B43B052F.jpg
1041161,104年05月15日,"五結  西河路",民眾送交,3月齡以下,,虎斑,混種貓,小,,無,宜蘭縣動植物防疫所,幸福貓舍-,http://asms.wsn.com.tw/Eland/ieland/el_LoseDetail.aspx?ID=7774,http://asms.wsn.com.tw/Eland/Upload/104-1161/EB90DB5632BF437691EEA7F62F690A58.jpg
1041166,104年05月18日,"宜蘭  宜大",本所捕獲,3-7歲,公,棕,混種狗,大,,無,宜蘭縣動植物防疫所,D-1,http://asms.wsn.com.tw/Eland/ieland/el_LoseDetail.aspx?ID=7779,http://asms.wsn.com.tw/Eland/Upload/104-1166/8E5DADF9929F4B71B2BC2A4704E772F8.jpg
1041167,104年05月18日,"五結  利寶路",本所捕獲,3月齡以下,母,黑,混種狗,小,,無,宜蘭縣動植物防疫所,保育室-,http://asms.wsn.com.tw/Eland/ieland/el_LoseDetail.aspx?ID=7780,http://asms.wsn.com.tw/Eland/Upload/104-1167/F95C4AF411394B209253980560E69858.jpg
1041168,104年05月18日,"員山  員山路",公所捕獲,3-7歲,公,黑,混種狗,大,,無,宜蘭縣動植物防疫所,D-3,http://asms.wsn.com.tw/Eland/ieland/el_LoseDetail.aspx?ID=7781,http://asms.wsn.com.tw/Eland/Upload/104-1168/FA1F23115E1A42109C8B73941A64C41B.jpg
1041169,104年05月18日,"員山  員山路",公所捕獲,"1-3 歲",公,白,混種狗,大,,無,宜蘭縣動植物防疫所,中庭區-,http://asms.wsn.com.tw/Eland/ieland/el_LoseDetail.aspx?ID=7782,http://asms.wsn.com.tw/Eland/Upload/104-1169/7C673415B0C24AE481CDB9AFB13ABA49.jpg
1041171,104年05月19日,"羅東  敬業路",本所捕獲,3月齡以下,,虎斑,混種貓,小,,無,宜蘭縣動植物防疫所,幸福貓舍-,http://asms.wsn.com.tw/Eland/ieland/el_LoseDetail.aspx?ID=7784,http://asms.wsn.com.tw/Eland/Upload/104-1171/03932FCF28644EB48A2CCB563452CF1D.jpg
1041173,104年05月19日,"宜蘭  慈安路",公所捕獲,3-7歲,母,虎斑,混種狗,大,,無,宜蘭縣動植物防疫所,E-5,http://asms.wsn.com.tw/Eland/ieland/el_LoseDetail.aspx?ID=7786,http://asms.wsn.com.tw/Eland/Upload/104-1173/980DD306A34B4E51AD9FB0610AE83866.jpg
1041175,104年05月19日,"頭城  中崙路",公所捕獲,3-7歲,母,黑白,混種狗,大,,無,宜蘭縣動植物防疫所,E-2,http://asms.wsn.com.tw/Eland/ieland/el_LoseDetail.aspx?ID=7788,http://asms.wsn.com.tw/Eland/Upload/104-1175/F4F8A2D329B54C2F9D6318575B69C7A3.jpg
1041176,104年05月19日,"頭城  南門路",公所捕獲,3-7歲,母,黑,混種狗,大,,無,宜蘭縣動植物防疫所,E-16,http://asms.wsn.com.tw/Eland/ieland/el_LoseDetail.aspx?ID=7789,http://asms.wsn.com.tw/Eland/Upload/104-1176/4864664A2B0743E9BCE54793223E25E7.jpg
1041177,104年05月19日,"頭城  中崙路",公所捕獲,3-7歲,母,黑,混種狗,大,,無,宜蘭縣動植物防疫所,E-8,http://asms.wsn.com.tw/Eland/ieland/el_LoseDetail.aspx?ID=7790,"http://asms.wsn.com.tw/Eland/Upload/104-1177/E-8 104-1177.jpg"
1041180,104年05月20日,"員山  員山路",公所捕獲,6月齡-1歲,母,黑,混種狗,中,,無,宜蘭縣動植物防疫所,C-1,http://asms.wsn.com.tw/Eland/ieland/el_LoseDetail.aspx?ID=7793,http://asms.wsn.com.tw/Eland/Upload/104-1180/B6B4C3BB409A4719B3DB8EF3EC94D211.jpg
1041181,104年05月20日,"大同  鄉公所",公所捕獲,3-6月齡,母,棕,混種狗,小,,無,宜蘭縣動植物防疫所,C-2,http://asms.wsn.com.tw/Eland/ieland/el_LoseDetail.aspx?ID=7794,http://asms.wsn.com.tw/Eland/Upload/104-1181/AB66D864D2DA469AA7ABCBEC73563E42.jpg
1041182,104年05月20日,"大同  鄉公所",公所捕獲,3-6月齡,母,棕,混種狗,小,,無,宜蘭縣動植物防疫所,C-2,http://asms.wsn.com.tw/Eland/ieland/el_LoseDetail.aspx?ID=7795,http://asms.wsn.com.tw/Eland/Upload/104-1182/4CD973AF7FB846038CC9071B367CC0DC.jpg
1041183,104年05月20日,"大同  鄉公所",公所捕獲,3-6月齡,公,棕黑,混種狗,小,,無,宜蘭縣動植物防疫所,C-2,http://asms.wsn.com.tw/Eland/ieland/el_LoseDetail.aspx?ID=7796,http://asms.wsn.com.tw/Eland/Upload/104-1183/B9009F76892C4866AD05D0F0F3196546.jpg
1041186,104年05月21日,"員山   阿蘭城",公所捕獲,"1-3 歲",公,黑,混種狗,大,,無,宜蘭縣動植物防疫所,D-14,http://asms.wsn.com.tw/Eland/ieland/el_LoseDetail.aspx?ID=7799,http://asms.wsn.com.tw/Eland/Upload/104-1186/0C3A5C8F25024710B41DD64D7E7BA9A1.jpg
1041187,104年05月22日,"羅東  南興街",公所捕獲,3-6月齡,母,黑,混種狗,小,,無,宜蘭縣動植物防疫所,C-1,http://asms.wsn.com.tw/Eland/ieland/el_LoseDetail.aspx?ID=7800,http://asms.wsn.com.tw/Eland/Upload/104-1187/7C3735C88D664C9EB50A1824CE91E8B9.jpg
1041188,104年05月22日,"冬山  柯林路",民眾送交,"1-3 歲",公,黑,混種狗,大,,無,宜蘭縣動植物防疫所,D-7,http://asms.wsn.com.tw/Eland/ieland/el_LoseDetail.aspx?ID=7801,http://asms.wsn.com.tw/Eland/Upload/104-1188/6C2C39558F5B4C768EAE3635610A46DB.jpg
1041189,104年05月22日,"蘇澳  蘇澳鎮公所",公所捕獲,3-7歲,公,黃,混種狗,大,,無,宜蘭縣動植物防疫所,D-10,http://asms.wsn.com.tw/Eland/ieland/el_LoseDetail.aspx?ID=7802,http://asms.wsn.com.tw/Eland/Upload/104-1189/BCFE8AA11AFE42CD9C8D5AB72CA122F2.jpg
1041190,104年05月22日,"蘇澳  蘇澳鎮公所",公所捕獲,3-6月齡,公,黑,混種狗,中,,無,宜蘭縣動植物防疫所,C-1,http://asms.wsn.com.tw/Eland/ieland/el_LoseDetail.aspx?ID=7803,http://asms.wsn.com.tw/Eland/Upload/104-1190/45F68AC0280D4BABB1D07A83C91A6409.jpg
1041192,104年05月22日,"五結  大吉五路",公所捕獲,3月齡以下,公,虎斑,混種狗,小,,無,宜蘭縣動植物防疫所,C-4,http://asms.wsn.com.tw/Eland/ieland/el_LoseDetail.aspx?ID=7805,http://asms.wsn.com.tw/Eland/Upload/104-1192/E260D5D4ADC3405D9ABFDB054DE592BF.jpg
1041193,104年05月22日,"五結  大吉五路",公所捕獲,3月齡以下,母,虎斑,混種狗,小,,無,宜蘭縣動植物防疫所,C-4,http://asms.wsn.com.tw/Eland/ieland/el_LoseDetail.aspx?ID=7806,http://asms.wsn.com.tw/Eland/Upload/104-1193/EC8D627FDEAF4B6B8D46FE77DE1CFE74.jpg
1041196,104年05月22日,"五結  西濱路",民眾送交,3月齡以下,公,黑,混種狗,小,,無,宜蘭縣動植物防疫所,C-6,http://asms.wsn.com.tw/Eland/ieland/el_LoseDetail.aspx?ID=7809,http://asms.wsn.com.tw/Eland/Upload/104-1196/303380E2D43F495EBFF665D58AEC6D14.jpg
1041197,104年05月22日,"五結  西濱路",民眾送交,3月齡以下,公,黑,混種狗,小,,無,宜蘭縣動植物防疫所,C-6,http://asms.wsn.com.tw/Eland/ieland/el_LoseDetail.aspx?ID=7810,http://asms.wsn.com.tw/Eland/Upload/104-1197/33010BECC7674257A28EDDDD49D19EEC.jpg
1041198,104年05月22日,"五結  西濱路",民眾送交,3月齡以下,公,黑,混種狗,小,,無,宜蘭縣動植物防疫所,C-6,http://asms.wsn.com.tw/Eland/ieland/el_LoseDetail.aspx?ID=7811,http://asms.wsn.com.tw/Eland/Upload/104-1198/833B86DCA7FC4866872CAA58F73335F8.jpg
1041199,104年05月22日,"五結  西濱路",民眾送交,3月齡以下,公,黑,混種狗,小,,無,宜蘭縣動植物防疫所,C-6,http://asms.wsn.com.tw/Eland/ieland/el_LoseDetail.aspx?ID=7812,http://asms.wsn.com.tw/Eland/Upload/104-1199/7A5B7D4995C34ED1B2B70539DA92D8CD.jpg
1041200,104年05月22日,"五結  西濱路",民眾送交,3月齡以下,母,黑,混種狗,小,,無,宜蘭縣動植物防疫所,C-4,http://asms.wsn.com.tw/Eland/ieland/el_LoseDetail.aspx?ID=7813,http://asms.wsn.com.tw/Eland/Upload/104-1200/167560762807442F9EAF7C4DACE28067.jpg
1041201,104年05月22日,"五結  西濱路",民眾送交,3-6月齡,母,黑,混種狗,小,,無,宜蘭縣動植物防疫所,C-4,http://asms.wsn.com.tw/Eland/ieland/el_LoseDetail.aspx?ID=7814,http://asms.wsn.com.tw/Eland/Upload/104-1201/383D3EBBED8E4E799E48753A5E12CB6C.jpg
1041202,104年05月22日,"五結  西濱路",民眾送交,3月齡以下,母,黑,混種狗,小,,無,宜蘭縣動植物防疫所,C-4,http://asms.wsn.com.tw/Eland/ieland/el_LoseDetail.aspx?ID=7815,http://asms.wsn.com.tw/Eland/Upload/104-1202/48229D235711417DAC8587EA8CCF6E39.jpg
1041203,104年05月25日,"礁溪  下宜八",公所捕獲,3-7歲,公,黑,混種狗,大,,無,宜蘭縣動植物防疫所,D-5,http://asms.wsn.com.tw/Eland/ieland/el_LoseDetail.aspx?ID=7816,http://asms.wsn.com.tw/Eland/Upload/104-1203/2B6D678A2D4A4657974B4AA16F67B8CF.jpg
1041204,104年05月25日,"壯圍  中央路",公所捕獲,"1-3 歲",公,黑,混種狗,大,,無,宜蘭縣動植物防疫所,D-8,http://asms.wsn.com.tw/Eland/ieland/el_LoseDetail.aspx?ID=7817,http://asms.wsn.com.tw/Eland/Upload/104-1204/C5B07279B62D4DDA8EE9905E0DE511DA.jpg
1041206,104年05月25日,"宜蘭  校舍路",民眾送交,"1-3 歲",公,黑白,混種狗,大,,無,宜蘭縣動植物防疫所,D-16,http://asms.wsn.com.tw/Eland/ieland/el_LoseDetail.aspx?ID=7819,http://asms.wsn.com.tw/Eland/Upload/104-1206/B8CA3EA6D9EF4E25B455F2F263E6A5AB.jpg
1041209,104年05月25日,"蘇澳  豆腐岬",本所捕獲,3月齡以下,母,黑,混種狗,小,,無,宜蘭縣動植物防疫所,C-1,http://asms.wsn.com.tw/Eland/ieland/el_LoseDetail.aspx?ID=7822,http://asms.wsn.com.tw/Eland/Upload/104-1209/D16212A17B5D4E80B83D08B9158354A5.jpg
1041210,104年05月26日,"三星  三星鄉公所",公所捕獲,3-7歲,公,黃,混種狗,大,,無,宜蘭縣動植物防疫所,D-1,http://asms.wsn.com.tw/Eland/ieland/el_LoseDetail.aspx?ID=7823,http://asms.wsn.com.tw/Eland/Upload/104-1210/3BC6FD636B984614A3618DCC571535E9.jpg
1041211,104年05月26日,"三星  三星鄉公所",公所捕獲,3月齡以下,母,黑,混種狗,小,,無,宜蘭縣動植物防疫所,C-3,http://asms.wsn.com.tw/Eland/ieland/el_LoseDetail.aspx?ID=7824,http://asms.wsn.com.tw/Eland/Upload/104-1211/7CD78AF040B34CE1A7F7EB53142EB959.jpg
1041212,104年05月26日,"三星  三星鄉公所",公所捕獲,3月齡以下,母,黑,混種狗,小,,無,宜蘭縣動植物防疫所,C-3,http://asms.wsn.com.tw/Eland/ieland/el_LoseDetail.aspx?ID=7825,http://asms.wsn.com.tw/Eland/Upload/104-1212/6E15601DC3D040CEB09B711582CB8FF1.jpg
1041213,104年05月26日,"員山  員山路",民眾棄養,"1-3 歲",公,黑,混種狗,大,,無,宜蘭縣動植物防疫所,哺-2,http://asms.wsn.com.tw/Eland/ieland/el_LoseDetail.aspx?ID=7826,http://asms.wsn.com.tw/Eland/Upload/104-1213/851D8D3954284AD38B0B651CDE3DC433.jpg
1041214,104年05月26日,"五結  復興路二段",公所捕獲,"1-3 歲",母,黑,混種狗,大,,無,宜蘭縣動植物防疫所,E-1,http://asms.wsn.com.tw/Eland/ieland/el_LoseDetail.aspx?ID=7827,http://asms.wsn.com.tw/Eland/Upload/104-1214/051F1E02DE2B46768CE37F452C3BE69B.jpg
1041217,104年05月26日,"五結  利工一路",民眾送交,3月齡以下,母,黑,混種狗,小,,無,宜蘭縣動植物防疫所,保育室-,http://asms.wsn.com.tw/Eland/ieland/el_LoseDetail.aspx?ID=7830,http://asms.wsn.com.tw/Eland/Upload/104-1217/FFBD1721E68F4C1F9DFD285296073D77.jpg
1041218,104年05月26日,"頭城  武營",公所捕獲,3-7歲,,黃,混種貓,大,,無,宜蘭縣動植物防疫所,幸福貓舍-,http://asms.wsn.com.tw/Eland/ieland/el_LoseDetail.aspx?ID=7831,http://asms.wsn.com.tw/Eland/Upload/104-1218/FA8239781D314CF4A72E7EE44EAFC57D.jpg
1041219,104年05月26日,"頭城  外澳",公所捕獲,3月齡以下,公,棕,混種狗,小,,無,宜蘭縣動植物防疫所,幼-8,http://asms.wsn.com.tw/Eland/ieland/el_LoseDetail.aspx?ID=7832,http://asms.wsn.com.tw/Eland/Upload/104-1219/2279F28A1B834BC5847E063A8FE4D331.jpg
1041220,104年05月26日,"頭城  外澳",公所捕獲,3月齡以下,母,棕,混種狗,小,,無,宜蘭縣動植物防疫所,幼-8,http://asms.wsn.com.tw/Eland/ieland/el_LoseDetail.aspx?ID=7833,http://asms.wsn.com.tw/Eland/Upload/104-1220/29D630F5ADB24E3EAA5A1BF1E6609FE7.jpg
1041221,104年05月26日,"頭城  外澳",公所捕獲,3月齡以下,母,棕,混種狗,小,,無,宜蘭縣動植物防疫所,幼-8,http://asms.wsn.com.tw/Eland/ieland/el_LoseDetail.aspx?ID=7834,http://asms.wsn.com.tw/Eland/Upload/104-1221/8978AE2ADBF94BE187C7A2A60FF96929.jpg
1041222,104年05月26日,"頭城  外澳",公所捕獲,3月齡以下,母,棕,混種狗,小,,無,宜蘭縣動植物防疫所,幼-8,http://asms.wsn.com.tw/Eland/ieland/el_LoseDetail.aspx?ID=7835,http://asms.wsn.com.tw/Eland/Upload/104-1222/CF174E35C5BE4763AD420D182D7E1A27.jpg
1041223,104年05月26日,"頭城  協天路",公所捕獲,3-7歲,公,黑虎斑,混種狗,大,,無,宜蘭縣動植物防疫所,D-11,http://asms.wsn.com.tw/Eland/ieland/el_LoseDetail.aspx?ID=7837,http://asms.wsn.com.tw/Eland/Upload/104-1223/F1475D8919884DC08C00F1ED01FD6BE9.jpg
1041224,104年05月26日,"五結  利澤國中",民眾送交,"1-3 歲",,棕白,混種貓,大,,無,宜蘭縣動植物防疫所,幸福貓舍-,http://asms.wsn.com.tw/Eland/ieland/el_LoseDetail.aspx?ID=7838,http://asms.wsn.com.tw/Eland/Upload/104-1224/19B10C609CDC4B51A9DD63BB18E700C7.jpg
1041225,104年05月27日,"五結  季新路",公所捕獲,3-6月齡,母,黑,混種狗,小,,無,宜蘭縣動植物防疫所,C-1,http://asms.wsn.com.tw/Eland/ieland/el_LoseDetail.aspx?ID=7839,http://asms.wsn.com.tw/Eland/Upload/104-1225/F3845BF02B86468F9E44649CF3F74D3D.jpg
1041226,104年05月27日,"三星  天山村",公所捕獲,3月齡以下,公,黃白,混種狗,小,,無,宜蘭縣動植物防疫所,保育室-,http://asms.wsn.com.tw/Eland/ieland/el_LoseDetail.aspx?ID=7840,http://asms.wsn.com.tw/Eland/Upload/104-1226/BD87ED3EF16548F192AA4384E2D76D17.jpg
1041227,104年05月27日,"三星  天山村",公所捕獲,3月齡以下,母,黃白,混種狗,小,,無,宜蘭縣動植物防疫所,保育室-,http://asms.wsn.com.tw/Eland/ieland/el_LoseDetail.aspx?ID=7841,http://asms.wsn.com.tw/Eland/Upload/104-1227/C482C3FB497845FB85CB8E7B12C31F8A.jpg
1041228,104年05月27日,"三星  天山村",公所捕獲,3月齡以下,母,黃,混種狗,小,,無,宜蘭縣動植物防疫所,保育室-,http://asms.wsn.com.tw/Eland/ieland/el_LoseDetail.aspx?ID=7842,http://asms.wsn.com.tw/Eland/Upload/104-1228/2FF9D827C6F744CBB855EDD92CE6C92E.jpg
1041229,104年05月27日,"三星  天山村",公所捕獲,3月齡以下,母,黃,混種狗,小,,無,宜蘭縣動植物防疫所,保育室-,http://asms.wsn.com.tw/Eland/ieland/el_LoseDetail.aspx?ID=7843,http://asms.wsn.com.tw/Eland/Upload/104-1229/D81BA9E4CE54454795864B786CE4D814.jpg
1041230,104年05月27日,"三星  天山村",公所捕獲,3月齡以下,公,虎斑,混種狗,小,,無,宜蘭縣動植物防疫所,保育室-,http://asms.wsn.com.tw/Eland/ieland/el_LoseDetail.aspx?ID=7844,http://asms.wsn.com.tw/Eland/Upload/104-1230/492F524B4A514794B5FDCDF7A6F5E8A2.jpg
1041232,104年05月27日,"三星  天山村",公所捕獲,3月齡以下,公,虎斑,混種狗,小,,無,宜蘭縣動植物防疫所,保育室-,http://asms.wsn.com.tw/Eland/ieland/el_LoseDetail.aspx?ID=7846,http://asms.wsn.com.tw/Eland/Upload/104-1232/AC17F45109F54ADFAB28D8D5174EC597.jpg
1041233,104年05月27日,"三星  天山村",公所捕獲,3-7歲,公,黑白,混種狗,大,,無,宜蘭縣動植物防疫所,D-13,http://asms.wsn.com.tw/Eland/ieland/el_LoseDetail.aspx?ID=7847,http://asms.wsn.com.tw/Eland/Upload/104-1233/EFC8ACADBF534631A4FE1F8EF322080D.jpg
1041234,104年05月27日,"宜蘭  女中路",本所捕獲,3月齡以下,,棕黑,混種貓,小,,無,宜蘭縣動植物防疫所,幸福貓舍-,http://asms.wsn.com.tw/Eland/ieland/el_LoseDetail.aspx?ID=7848,http://asms.wsn.com.tw/Eland/Upload/104-1234/A11E7DF94F5C4934953F3CB73BC7DA53.jpg
1041235,104年05月27日,"宜蘭  女中路",本所捕獲,3月齡以下,,虎斑,混種貓,小,,無,宜蘭縣動植物防疫所,幸福貓舍-,http://asms.wsn.com.tw/Eland/ieland/el_LoseDetail.aspx?ID=7849,http://asms.wsn.com.tw/Eland/Upload/104-1235/BC0456E49088429CBEDC494BC59C367E.jpg
1041236,104年05月27日,"頭城  武營",公所捕獲,3月齡以下,,棕黑,混種貓,小,,無,宜蘭縣動植物防疫所,幸福貓舍-,http://asms.wsn.com.tw/Eland/ieland/el_LoseDetail.aspx?ID=7850,http://asms.wsn.com.tw/Eland/Upload/104-1236/BB794B7380EE490DA2A3AAB3B3DC7909.jpg
1041237,104年05月27日,"頭城  武營",公所捕獲,3月齡以下,,黃,混種貓,小,,無,宜蘭縣動植物防疫所,幸福貓舍-,http://asms.wsn.com.tw/Eland/ieland/el_LoseDetail.aspx?ID=7851,http://asms.wsn.com.tw/Eland/Upload/104-1237/4B81FB92102C49FB960F65B1FD6B09AA.jpg
1041244,104年05月28日,"宜蘭  七張路",民眾棄養,3-7歲,公,黃,混種狗,大,否,15810096516○○○○,宜蘭縣動植物防疫所,D-16,http://asms.wsn.com.tw/Eland/ieland/el_LoseDetail.aspx?ID=7858,http://asms.wsn.com.tw/Eland/Upload/104-1244/6921085F4FC74132B5818F3F9BEAC035.jpg
1041245,104年05月28日,"五結  二結派出所",本所捕獲,3月齡以下,母,黑,混種狗,小,,無,宜蘭縣動植物防疫所,保育室-,http://asms.wsn.com.tw/Eland/ieland/el_LoseDetail.aspx?ID=7859,http://asms.wsn.com.tw/Eland/Upload/104-1245/2BBEC0C466314C398304A14B5CE53FFC.jpg
1041246,104年05月28日,"宜蘭  縣民大道",公所捕獲,3-6月齡,公,黃,混種狗,中,,無,宜蘭縣動植物防疫所,C-5,http://asms.wsn.com.tw/Eland/ieland/el_LoseDetail.aspx?ID=7860,http://asms.wsn.com.tw/Eland/Upload/104-1246/CA44AB0F8EF6443E8EDA581CC7312DFD.jpg
1041247,104年05月28日,"宜蘭  縣民大道",公所捕獲,3-6月齡,公,黃,混種狗,中,,無,宜蘭縣動植物防疫所,C-5,http://asms.wsn.com.tw/Eland/ieland/el_LoseDetail.aspx?ID=7861,http://asms.wsn.com.tw/Eland/Upload/104-1247/E114856B355B4F7093CC2C3C61704D57.jpg
1041248,104年05月28日,"員山  員山鄉公所",公所捕獲,3-7歲,母,棕,混種狗,大,,無,宜蘭縣動植物防疫所,E-1,http://asms.wsn.com.tw/Eland/ieland/el_LoseDetail.aspx?ID=7862,http://asms.wsn.com.tw/Eland/Upload/104-1248/2AA2BD39EB7B49BFBCF17B5D49AF4054.jpg
1041249,104年05月28日,"冬山  冬山鄉公所",公所捕獲,3月齡以下,母,黑,混種狗,小,,無,宜蘭縣動植物防疫所,保育室-,http://asms.wsn.com.tw/Eland/ieland/el_LoseDetail.aspx?ID=7863,http://asms.wsn.com.tw/Eland/Upload/104-1249/1E07896E457E43BFAFE7157A0233196B.jpg
1041250,104年05月28日,冬山,公所捕獲,3月齡以下,母,黑,混種狗,小,,無,宜蘭縣動植物防疫所,保育室-,http://asms.wsn.com.tw/Eland/ieland/el_LoseDetail.aspx?ID=7864,http://asms.wsn.com.tw/Eland/Upload/104-1250/7EB65A9AC30145A7AF7B5C76094A25A5.jpg
1041251,104年05月28日,"冬山  冬山鄉公所",公所捕獲,3月齡以下,公,黑,混種狗,小,,無,宜蘭縣動植物防疫所,保育室-,http://asms.wsn.com.tw/Eland/ieland/el_LoseDetail.aspx?ID=7865,http://asms.wsn.com.tw/Eland/Upload/104-1251/7D1F58AACB7F4C24AD49C1ED1172DD6F.jpg
1041252,104年05月28日,"冬山  冬山鄉公所",公所捕獲,3月齡以下,母,黑,混種狗,小,,無,宜蘭縣動植物防疫所,保育室-,http://asms.wsn.com.tw/Eland/ieland/el_LoseDetail.aspx?ID=7866,http://asms.wsn.com.tw/Eland/Upload/104-1252/44903E56FB1F452180A37E0B9FFAF2D2.jpg
1041253,104年05月28日,"冬山  冬山鄉公所",公所捕獲,3月齡以下,公,白,混種狗,小,,無,宜蘭縣動植物防疫所,保育室-,http://asms.wsn.com.tw/Eland/ieland/el_LoseDetail.aspx?ID=7867,http://asms.wsn.com.tw/Eland/Upload/104-1253/07E10A095530425BA01C7733D1241416.JPG
1041254,104年05月28日,"冬山  冬山鄉公所",公所捕獲,3月齡以下,公,白,混種狗,小,,無,宜蘭縣動植物防疫所,保育室-,http://asms.wsn.com.tw/Eland/ieland/el_LoseDetail.aspx?ID=7868,http://asms.wsn.com.tw/Eland/Upload/104-1254/7E9A85A82E4E4B79BBA3B267A89C7A31.jpg
1041256,104年05月28日,"宜蘭  中山路",民眾送交,3月齡以下,母,黑,混種狗,小,,無,宜蘭縣動植物防疫所,保育室-,http://asms.wsn.com.tw/Eland/ieland/el_LoseDetail.aspx?ID=7870,http://asms.wsn.com.tw/Eland/Upload/104-1256/03D79ABA948D4E4E896F14C9460BBE3E.jpg
1041259,104年05月29日,"蘇澳  南正里",公所捕獲,3-7歲,公,黃,混種狗,大,,15810096528○○○○,宜蘭縣動植物防疫所,D-12,http://asms.wsn.com.tw/Eland/ieland/el_LoseDetail.aspx?ID=7873,http://asms.wsn.com.tw/Eland/Upload/104-1259/9A23B7B7A9094EE28393803913E11FEA.jpg
1041260,104年05月29日,"蘇澳  南正里",公所捕獲,3-7歲,公,棕黑,混種狗,大,是,90010800138○○○○,宜蘭縣動植物防疫所,D-4,http://asms.wsn.com.tw/Eland/ieland/el_LoseDetail.aspx?ID=7874,http://asms.wsn.com.tw/Eland/Upload/104-1260/63EAED4380EC4E4C8B688D042001E29D.jpg
1041262,104年05月29日,"羅東  光榮路",公所捕獲,3月齡以下,母,黑,混種狗,小,,無,宜蘭縣動植物防疫所,C-5,http://asms.wsn.com.tw/Eland/ieland/el_LoseDetail.aspx?ID=7876,http://asms.wsn.com.tw/Eland/Upload/104-1262/CBA5C583CC2D4E398B402EACEB6C3CBB.jpg
1041263,104年05月29日,"羅東  角烙",公所捕獲,3月齡以下,母,黑,混種狗,小,,無,宜蘭縣動植物防疫所,C-2,http://asms.wsn.com.tw/Eland/ieland/el_LoseDetail.aspx?ID=7877,http://asms.wsn.com.tw/Eland/Upload/104-1263/C86ACD0330404462A5F93C0A7760F7BC.jpg
1041264,104年05月29日,"宜蘭  果菜市場",本所捕獲,3月齡以下,,虎斑,混種貓,小,,無,宜蘭縣動植物防疫所,幸福貓舍-,http://asms.wsn.com.tw/Eland/ieland/el_LoseDetail.aspx?ID=7878,http://asms.wsn.com.tw/Eland/Upload/104-1264/A19D2E21FDF34D448E5C946AAC219C56.jpg
1041265,104年05月29日,"宜蘭  果菜市場",本所捕獲,3月齡以下,,虎斑,混種貓,小,,無,宜蘭縣動植物防疫所,幸福貓舍-,http://asms.wsn.com.tw/Eland/ieland/el_LoseDetail.aspx?ID=7879,http://asms.wsn.com.tw/Eland/Upload/104-1265/2B634029AC3F4EE4A84E585064A2008A.jpg
1041266,104年05月29日,"宜蘭  果菜市場",本所捕獲,3月齡以下,,虎斑,混種貓,小,,無,宜蘭縣動植物防疫所,幸福貓舍-,http://asms.wsn.com.tw/Eland/ieland/el_LoseDetail.aspx?ID=7880,http://asms.wsn.com.tw/Eland/Upload/104-1266/8CF1422B68E34F099B2EC60C4BCDDBC9.jpg
1041267,104年05月29日,"冬山  永美土地公廟",民眾送交,3月齡以下,公,黑,混種狗,小,,無,宜蘭縣動植物防疫所,保育室-,http://asms.wsn.com.tw/Eland/ieland/el_LoseDetail.aspx?ID=7881,http://asms.wsn.com.tw/Eland/Upload/104-1267/0D95E816C1F14C45ABE5FD4EBC10FDB5.jpg
