_id,Name,Sex,Type,Build,Age,Variety,Reason,AcceptNum,ChipNum,IsSterilization,HairType,Note,Resettlement,Phone,Email,ChildreAnlong,AnimalAnlong,Bodyweight,ImageName
1,咪露,雌,犬,中,成年,米克斯,民眾不擬續養,104082001,900073000029612,已絕育,黑,哈囉~我是個性有些害羞膽小的咪露，親人的我已經絕育了唷!喜歡我的話，快來動物之家看看吧!,臺北市動物之家 收容編號104082001,02-87913062,tcapoa8@mail.taipei.gov.tw,,,,http://163.29.39.183/uploads/images/medium/aca68e24-dd0c-4826-9eac-41f5fc793e52.jpg
2,,雌,犬,幼,幼齡,米克斯,動物管制,104081804,,未絕育,黑,,臺北市動物之家 收容編號104081804,02-87913062,tcapoa8@mail.taipei.gov.tw,,,,http://163.29.39.183/uploads/images/medium/6970ea1e-1fd6-4115-a929-e3e908d3e485.jpg
3,,雄,犬,幼,幼齡,米克斯,動物管制,104081803,,未絕育,黑,,臺北市動物之家 收容編號104081803,02-87913062,tcapoa8@mail.taipei.gov.tw,,,,http://163.29.39.183/uploads/images/medium/dfbadc58-ab1e-4aea-98b5-5a51a5a8f16b.jpg
4,,雌,犬,幼,幼齡,米克斯,動物管制,104081406,,未絕育,虎斑,,臺北市動物之家 收容編號104081406 ,02-87913062,tcapoa8@mail.taipei.gov.tw,,,,http://163.29.39.183/uploads/images/medium/6993c034-c3c0-4d2f-bc9b-9b55e50e1d78.jpg
5,,雌,犬,幼,幼齡,米克斯,動物管制,104081405,,未絕育,虎斑,,臺北市動物之家 收容編號104081405,02-87913062,tcapoa8@mail.taipei.gov.tw,,,,http://163.29.39.183/uploads/images/medium/b3784833-6191-4670-b0a6-8189af3fe80f.jpg
6,,雌,犬,幼,幼齡,米克斯,動物管制,104081404,,未絕育,虎斑,,臺北市動物之家 收容編號104081404,02-87913062,tcapoa8@mail.taipei.gov.tw,,,,http://163.29.39.183/uploads/images/medium/dff6e36b-e052-4644-8121-80bace5b541a.jpg
7,,雄,犬,幼,幼齡,米克斯,動物管制,104081403,,未絕育,虎斑,,臺北市動物之家 收容編號104081403,02-87913062,tcapoa8@mail.taipei.gov.tw,,,,http://163.29.39.183/uploads/images/medium/3058b159-96a4-45a9-8b27-d3c83e4dbd53.jpg
8,Cash,雄,犬,小,老年,雪納瑞,民眾不擬續養,104081202,900138000407471,未絕育,灰白,"白內障  耳疥蟲  耳炎


我是Cash
我的年紀大了
身體機能都在退化
耳朵已經聽不太到
視力也有很大的影響
可是我很乖很溫馴
不會亂叫不會吵鬧
希望你們可以給我一個機會
讓我能再次擁有家的溫暖及安全感",臺北市動物之家 收容編號104081202,02-87913062,tcapoa8@mail.taipei.gov.tw,,,,http://163.29.39.183/uploads/images/medium/15067337-89f2-4232-99ed-9007c26f7a64.jpg
9,,雄,犬,幼,幼齡,米克斯,動物管制,104081105,,未絕育,黑,尾部皮膚病,臺北市動物之家 收容編號104081105,02-87913062,tcapoa8@mail.taipei.gov.tw,,,,http://163.29.39.183/uploads/images/medium/665a259d-8c84-4d20-b7a0-3267b19ecdb7.jpg
10,,雄,犬,中,成年,米克斯,動物管制,104081104,,未絕育,黑,,臺北市動物之家 收容編號104081104,02-87913062,tcapoa8@mail.taipei.gov.tw,,,,http://163.29.39.183/uploads/images/medium/b7fe37fe-787c-465a-bcf5-6f0ab9097323.jpg
11,,雌,犬,中,成年,米克斯,動物管制,104081005,900138000095265,未絕育,虎斑,,,,,,,,http://163.29.39.183/uploads/images/medium/db68b706-1e80-458c-b16d-552b852b5239.jpg
12,,雄,犬,中,年輕,米克斯,動物救援,104080702,,未絕育,黃,右前肢第四趾節(骨)截除 綠布皮頸圈,臺北市動物之家 收容編號104080702,02-87913062,tcapoa8@mail.taipei.gov.tw,,,,http://163.29.39.183/uploads/images/medium/93be5b49-b71c-4c74-9d00-e9d313dce8cb.jpg
13,狗狗,雌,犬,中,成年,米克斯,民眾不擬續養,104080417,02000619E5 / 900073000015588,已絕育,棕,你好~我的名字叫狗狗，容易緊張的我正在找新家喔!希望可以給我一機會好嗎?,臺北市動物之家 收容編號104080417 ,02-87913062,tcapoa8@mail.taipei.gov.tw,,,,http://163.29.39.183/uploads/images/medium/58be3e8c-6f5a-4857-9d3e-d9c509fa285c.jpg
14,,雄,犬,中,老年,米克斯,民眾拾獲,104080205,,未絕育,黑,,臺北市動物之家 收容編號104080205,02-87913062,tcapoa8@mail.taipei.gov.tw,,,,http://163.29.39.183/uploads/images/medium/bb7eb6c7-04d1-415b-a789-5754942e8dc8.jpg
15,,雄,犬,幼,幼齡,米克斯,民眾拾獲,104080111,,未絕育,虎斑,,臺北市動物之家 收容編號104080111,02-87913062,tcapoa8@mail.taipei.gov.tw,,,,http://163.29.39.183/uploads/images/medium/2e12499e-d5a8-4482-b348-ad213fae965e.jpg
16,,雄,犬,中,成年,米克斯,動物管制,104072809,,未絕育,黃,,臺北市動物之家 收容編號104072809,02-87913062,tcapoa8@mail.taipei.gov.tw,,,,http://163.29.39.183/uploads/images/medium/b3471425-a6b1-49c1-a11f-c0fff954b027.jpg
17,,雄,貓,中,成年,米克斯,動物救援,104072806,,未絕育,灰,急傷回、左後截肢,臺北市動物之家 收容編號104072806,02-87913062,tcapoa8@mail.taipei.gov.tw,,,,http://163.29.39.183/uploads/images/medium/9849d27f-d831-418a-a3d8-ca033969833e.jpg
18,,雄,犬,中,成年,米克斯,動物管制,104072804,,未絕育,黑棕,,臺北市動物之家 收容編號104072804,02-87913062,tcapoa8@mail.taipei.gov.tw,,,,http://163.29.39.183/uploads/images/medium/2045301a-434d-4c34-b692-d63eead06901.jpg
19,,雄,犬,中,成年,米克斯,動物管制,104072701,,未絕育,黑,,臺北市動物之家 收容編號104072701 ,02-87913062,tcapoa8@mail.taipei.gov.tw,,,,http://163.29.39.183/uploads/images/medium/b870b4ba-47e3-48a5-a48a-e27f475e8a5f.jpg
20,,雌,貓,中,成年,米克斯,動物救援,104072603,,未絕育,黃虎斑,,臺北市動物之家 收容編號104072603,02-87913062,tcapoa8@mail.taipei.gov.tw,,,,http://163.29.39.183/uploads/images/medium/5b750939-d35c-4912-b36d-b194b808d88f.jpg
21,,雌,犬,中,成年,米克斯,動物管制,104072502,,未絕育,黑,跳蚤過敏,臺北市動物之家 收容編號104072502,02-87913062,tcapoa8@mail.taipei.gov.tw,,,,http://163.29.39.183/uploads/images/medium/8f05e5b9-d9d2-484d-93df-6c4151fb107f.jpg
22,阿弟,雄,犬,中,成年,米克斯,民眾不擬續養,104072401,900138000404251,已絕育,黑棕,"我是阿弟
活潑熱情的大男孩
喜歡與人互動、親近
一開始別被我的主動給嚇到唷
人家我只是想跟你玩跟你打招呼啦
快來動物之家找我
讓你們看看陽光男孩的魅力呀^O^",臺北市動物之家 收容編號104072401,02-87913062,02-87913062,,,,http://163.29.39.183/uploads/images/medium/3fe921b8-f929-4d4f-bd40-4886ebb5add0.jpg
23,Puma,雄,犬,中,老年,米克斯,民眾不擬續養,104072314,900073000013845,未絕育,黑虎斑,Puma的個性有些膽小，不過他警覺性很高、地域性強，很適合看家唷!快來帶牠回家吧!,臺北市動物之家 收容編號104072314,02-87913062,tcapoa8@mail.taipei.gov.tw,,,,http://163.29.39.183/uploads/images/medium/9082558e-a805-4a29-9766-54841c1f8201.jpg
24,,雌,犬,幼,幼齡,米克斯,民眾拾獲,104072201,,未絕育,黑白,尾巴脫毛,,,,,,,http://163.29.39.183/uploads/images/medium/1b1d3492-dd0b-4e31-b016-949c034cdc93.jpg
25,花妞,雌,貓,中,老年,米克斯,動物管制,104072209,,未絕育,三花,"左前斷掌、尾巴骨折
哈囉~我是親人的花妞，有白血病的我正在找新家喔!給我一個機會好嗎?",臺北市動物之家 收容編號104072209,02-87913062,tcapoa8@mail.taipei.gov.tw,,,,http://163.29.39.183/uploads/images/medium/29cbe1f3-3442-4a7d-899c-05a2546aff78.jpg
26,喔歐,雄,貓,中,成年,米克斯,動物管制,104072005,,未絕育,黑,"頭頸皮膚脫毛
大家好~我叫喔歐，喜歡我的話!就快來帶我回家吧!",臺北市動物之家 收容編號104072005,02-87913062,tcapoa8@mail.taipei.gov.tw,,,,http://163.29.39.183/uploads/images/medium/1cfe998a-f783-4cca-b6fe-7ce4f6264ceb.jpg
27,黑皮,雄,犬,中,成年,米克斯,民眾不擬續養,104071904,900138000037555,未絕育,黑,"我是黑皮
剛來到動物之家
所以有點小害羞
不過只要先讓我聞聞
稍微跟我互動一下
我是願意讓你們摸摸的唷
多多跟我互動我想我們的距離一定可以越來越近
快來動物之家找我吧！",臺北市動物之家 收容編號104071904,02-87913062,tcapoa8@mail.taipei.gov.tw,,,,http://163.29.39.183/uploads/images/medium/8460b73d-85e5-431b-84a7-0abb2bdfe769.jpg
28,,雄,犬,幼,幼齡,米克斯,民眾不擬續養,104071805,900073000015501,未絕育,棕黑,血便 皮病,臺北市動物之家 收容編號104071805,02-87913062,tcapoa8@mail.taipei.gov.tw,,,,http://163.29.39.183/uploads/images/medium/977f7304-f537-404a-a756-04b78022f91d.jpg
29,,雌,犬,中,成年,米克斯,動物救援,104071815,,未絕育,黃,身上多處擦傷、右側腸骨骨折、股骨頭切除,臺北市動物之家 收容編號104071815,02-87913062,tcapoa8@mail.taipei.gov.tw,,,,http://163.29.39.183/uploads/images/medium/5b34af52-d05e-40b7-ba45-0e0b311d0678.jpg
30,波卡,雄,犬,小,成年,貴賓,民眾不擬續養,104071705,900138000095080,已絕育,黑,"胸部及面部溼疹
大家好!我是波卡，已經植入晶片完成絕育的我，正在找新家喔!給我一個機會吧!",臺北市動物之家 收容編號104071705,02-87913062,tcapoa8@mail.taipei.gov.tw,,,,http://163.29.39.183/uploads/images/medium/222aed8f-e9e2-49c8-b4fb-59ef686749fe.jpg
31,,雌,犬,中,成年,米克斯,民眾拾獲,104071610,,未絕育,黑,綠邊紅頸圈,臺北市動物之家 收容編號104071610 ,02-87913062,tcapoa8@mail.taipei.gov.tw,,,,http://163.29.39.183/uploads/images/medium/1658a6f2-1a7c-4a3d-acea-f298f312013c.jpg
32,金將,雄,犬,中,成年,米克斯,民眾不擬續養,104071602,900073000029681,已絕育,棕,嗨~我是金將，喜歡我的話，快來帶我回家吧!,臺北市動物之家 收容編號104071602,02-87913062,tcapoa8@mail.taipei.gov.tw,,,,http://163.29.39.183/uploads/images/medium/7c59881f-66d8-4069-a0d2-c90ad630268a.jpg
33,,雌,貓,幼,幼齡,米克斯,動物管制,104071419,,未絕育,虎斑,眼分泌物,臺北市動物之家 收容編號104071419,02-87913062,tcapoa8@mail.taipei.gov.tw,,,,http://163.29.39.183/uploads/images/medium/ef173734-1dfa-42bf-88b1-a504a48c05f2.jpg
34,,雄,貓,幼,幼齡,米克斯,動物管制,104071418,,未絕育,虎斑,眼分泌物,臺北市動物之家 收容編號104071418,02-87913062,tcapoa8@mail.taipei.gov.tw,,,,http://163.29.39.183/uploads/images/medium/12d36452-8cee-43f7-86fa-c0f10c776666.jpg
35,,雌,犬,中,成年,米克斯,動物管制,104071414,,未絕育,黃,右剪耳,,,,,,,http://163.29.39.183/uploads/images/medium/872e440f-d25f-499b-b2c4-265f86b1e62c.jpg
36,,雌,貓,小,幼齡,米克斯,動物救援,104071309,,未絕育,黑白,右耳、尾傷,臺北市動物之家 收容編號104071309,02-87913062,tcapoa8@mail.taipei.gov.tw,,,,http://163.29.39.183/uploads/images/medium/0bceda4d-3fe2-4b06-80ff-df0f40b5bbe0.jpg
37,小乖,雄,犬,中,成年,米克斯,民眾不擬續養,104071101,900138000396270,已絕育,黑,"皮膚病
哈囉~我是活潑好動的小乖，可以給我一個幸福的家嗎?",臺北市動物之家 收容編號104071101 ,02-87913062,tcapoa8@mail.taipei.gov.tw,,,,http://163.29.39.183/uploads/images/medium/df9c8ea7-0ea7-49cd-8eee-8810ba4425fe.jpg
38,,雌,犬,中,成年,米克斯,動物救援,104070907,,未絕育,黃,胸腹撕裂傷、車禍、氣胸、血胸,臺北市動物之家 收容編號104070907,02-87913062,tcapoa8@mail.taipei.gov.tw,,,,http://163.29.39.183/uploads/images/medium/24a1b3d4-0de4-48a6-ab5d-7bc9c4b218f6.jpg
39,豆腐,雄,犬,中,成年,米克斯,民眾不擬續養,104070508,900138000396203,未絕育,白,"健康、行為評估:單側隱睪、已施打晶片；可摸、緊張。

大家好，我叫豆腐。
因為前飼主不能續養的關係，今天是我進到所內的第五天了
這裡狗狗叫聲多我還是不習慣，有些膽怯。
我喜歡舔舔妳們的手手，
一開始先讓我聞聞味道的話，我是可以給陌生人摸摸的，
喜歡我的人，快來帶我回家吧!",臺北市動物之家 收容編號104070508,02-87913062,tcapoa8@mail.taipei.gov.tw,,,,http://163.29.39.183/uploads/images/medium/a071c66b-884d-4553-82f5-963ebd83e7be.jpg
40,阿皮,雄,犬,中,成年,米克斯,民眾不擬續養,104070311,900138000406733,未絕育,棕,"你好，我叫阿皮，
頭頂皺皺是我的特色，
我的表情多變~來訓練我喜怒哀樂吧，嘻嘻~
我是親人活潑的小夥子，
喜歡我的人，請給我一個機會
快來動物之家看我吧~~^^",臺北市動物之家 收容編號104070311,02-87913062,tcapoa8@mail.taipei.gov.tw,,,,http://163.29.39.183/uploads/images/medium/274308a1-8576-4b08-b849-355cdacd0512.jpg
41,,雄,貓,中,成年,米克斯,動物管制,104070204,,未絕育,灰,,臺北市動物之家 收容編號104070204,02-87913062,tcapoa8@mail.taipei.gov.tw,,,,http://163.29.39.183/uploads/images/medium/c218cd6a-6dd7-47de-8c7f-8417b3cf363e.jpg
42,小妖,雌,貓,中,成年,米克斯,動物救援,104070105,,未絕育,黑白,"右剪耳
哈囉~我的名字叫小妖，我正在找新家喔!可以帶我回家嗎?",臺北市動物之家 收容編號104070105 ,02-87913062,tcapoa8@mail.taipei.gov.tw,,,,http://163.29.39.183/uploads/images/medium/4518467e-1eaf-400d-afd5-949666862cf9.jpg
43,Julie ,雌,犬,小,老年,雪納瑞,民眾不擬續養,104063011,900128001490457,已絕育,灰,"健康評估:雙眼白內障、皮膚病、已絕育、施打晶片疫苗
行為評估:可觸摸

你好!我叫Julie。
我友善親人，可以摸摸。
前天洗好澡理好毛，現在可以看得見我的眼睛了呢!
所內姐姐說我是個愛撒嬌的老婆婆，
抱抱後回籠子都會嗚嗚嗚的塞乃哭哭。
帶我一起回家平淡安適的養老吧!",臺北市動物之家 收容編號104063011,02-87913062,tcapoa8@mail.taipei.gov.tw,,,,http://163.29.39.183/uploads/images/medium/9576ef11-b714-4be7-a264-45ccd99f84d1.jpg
44,,雄,貓,中,成年,米克斯,動物管制,104062905,,未絕育,黃白,鼻傷,臺北市動物之家 收容編號104062905,02-87913062,tcapoa8@mail.taipei.gov.tw,,,,http://163.29.39.183/uploads/images/medium/37c4bdfa-a0e9-4526-a635-8eef5aa5c3d6.jpg
45,Bobo,雌,犬,中,年輕,米克斯,民眾不擬續養,104062809,900073000015429,未絕育,棕黑,"皮膚病
嗨~我是Bobo，給我個機會，帶我回家吧!
",臺北市動物之家 收容編號104062809,02-87913062,tcapoa8@mail.taipei.gov.tw,,,,http://163.29.39.183/uploads/images/medium/72be7eea-9733-43ba-b5bd-7838f1605c48.jpg
46,菲菲,雌,犬,中,成年,米克斯,動物救援,104062602,,未絕育,黃,"我是菲菲
是個緊張內向的女生
希望有人能夠認養我帶我回家
用滿滿的愛讓我變得活潑又開朗！",臺北市動物之家 收容編號104062602,02-87913062,tcapoa8@mail.taipei.gov.tw,,,,http://163.29.39.183/uploads/images/medium/7d0c20e3-256a-4dc7-bd87-0ece3f693722.jpg
47,Chance,雄,犬,中,幼齡,米克斯,動物救援,104062403,,未絕育,黑,"如欲認養， 請填寫網上申請
http://www.spca.org.tw/online-application.html",台灣防止虐待動物協會,02-2367-0317，2367-1906,adoptions@spca.org.tw,,,,http://163.29.39.183/uploads/images/medium/b8de4e8d-2423-43e8-a5df-cd26bbce5681.jpg
48,Juno,雌,犬,中,幼齡,米克斯,動物救援,104062402,,未絕育,黑棕,"如欲認養， 請填寫網上申請
http://www.spca.org.tw/online-application.html",台灣防止虐待動物協會,"02-2367-0317, 2367-1905",adoptions@spca.org.tw,,,,http://163.29.39.183/uploads/images/medium/2df271e6-d800-43e9-81a5-e5587f0f6918.jpg
49,米果,雄,犬,大,老年,西施,動物救援,104062401,,未絕育,花白,"如欲認養， 請填寫網上申請
http://www.spca.org.tw/online-application.html",台灣防止虐待動物協會,"02-2367-0317, 2367-1905",adoptions@spca.org.tw,,,,http://163.29.39.183/uploads/images/medium/053e27e1-2084-44c4-85a2-c47707f18858.jpg
50,,雌,犬,中,成年,米克斯,民眾拾獲,104062310,,未絕育,黑黃,,臺北市動物之家 收容編號104062310 ,02-87913062,tcapoa8@mail.taipei.gov.tw,,,,http://163.29.39.183/uploads/images/medium/69851663-de90-4e16-b735-56d18659ad03.jpg
51,,雄,貓,中,成年,米克斯,動物管制,104062307,,未絕育,黃白,,臺北市動物之家 收容編號104062307 ,02-87913062,tcapoa8@mail.taipei.gov.tw,,,,http://163.29.39.183/uploads/images/medium/789ac352-21ec-47bd-998a-ca078e844403.jpg
52,底迪,雄,犬,中,成年,米克斯,動物救援,104062306,,未絕育,棕黑,"我是底迪
是個有些害羞的小可愛
可是先讓我聞聞
稍微互動一下
我們之間的距離馬上就能拉近囉
看我聰明的大耳朵
是不是也很勾椎呀^O^",臺北市動物之家 收容編號104062306,02-87913062,tcapoa8@mail.taipei.gov.tw,,,,http://163.29.39.183/uploads/images/medium/98ec2d0b-0bdd-4735-9f66-72a6dc204d5b.jpg
53,阿米果,雌,犬,中,成年,米克斯,民眾不擬續養,104062301,900073000029982,已絕育,黃,,臺北市動物之家 收容編號104062301,02-87913062,tcapoa8@mail.taipei.gov.tw,,,,http://163.29.39.183/uploads/images/medium/262d8bf1-d612-4e46-aeba-7d519ef156ba.jpg
54,豆豆,雄,犬,中,成年,米克斯,動物救援,104062004,,未絕育,黃白,"好熱的太陽天，
跟朋友一起玩水最消暑了，
看我笑得多開心，
我是活潑愛玩的豆豆，
快來臺北市動物之家帶我回家吧。

健康評估:左前肢腫塊、右前肢外傷",臺北市動物之家 收容編號104062004,02-87913062,tcapoa8@mail.taipei.gov.tw,,,,http://163.29.39.183/uploads/images/medium/7e2ba50a-94c8-478e-be1d-1d22126f53e7.jpg
55,,雌,貓,中,成年,米克斯,民眾拾獲,104062111,900138000090667,未絕育,黑白,"哈囉，我的眼睛是黃色的。
外表看起來很酷，
但其實我可以給人摸摸咕幾。
我在互動室，快來跟我培養感情吧!",臺北市動物之家 收容編號104062111,02-87913062,tcapoa8@mail.taipei.gov.tw,,,,http://163.29.39.183/uploads/images/medium/9e87a9a1-16c2-438b-b523-207da2888049.jpg
56,小花,雌,犬,中,成年,米克斯,動物救援,104061705,,未絕育,三花,"我是小花
剛來到動物之家沒多久
比較內向一點
與我互動需要多花點時間
動作太大可是會嚇到我唷！",臺北市動物之家 收容編號104061705,02-87913062,tcapoa8@mail.taipei.gov.tw,,,,http://163.29.39.183/uploads/images/medium/669f6034-ba47-41e7-9e3c-fd12a3293ce8.jpg
57,,雄,犬,小,年輕,米克斯,動物救援,104061512,,未絕育,黑,,臺北市動物之家 收容編號104061512,02-87913062,tcapoa8@mail.taipei.gov.tw,,,,http://163.29.39.183/uploads/images/medium/ccfe16eb-f506-40a8-96a2-9b44fd345f03.jpg
58,熊熊,雄,犬,大,成年,米克斯,動物救援,104061501,,未絕育,咖啡,"我是熊熊
毛色很酷
長的有點像棕熊吧
這樣的外型是不是很得你心呢
快快來動物之家找我呀?",臺北市動物之家 收容編號104061501,02-87913062,tcapoa8@mail.taipei.gov.tw,,,,http://163.29.39.183/uploads/images/medium/08e624e9-5da6-4a2f-b86e-479717fdb4d8.jpg
59,阿美,雌,犬,中,成年,米克斯,民眾拾獲,104061213,,未絕育,虎斑,"皮膚病 哺乳中

我是阿美
我把我的小孩都照顧得很好
都養得胖嘟嘟的
現在他們各自去找尋自己的幸福
希望我也能夠有同樣的機會
找到我自己的溫暖?",臺北市動物之家 收容編號104061213,02-87913062,tcapoa8@mail.taipei.gov.tw,,,,http://163.29.39.183/uploads/images/medium/efd2f9f6-ee1f-4be8-9d86-01bbe64ecf61.jpg
60,,雄,犬,中,成年,米克斯,動物救援,104061102,,未絕育,黃,右前腳掌傷 左前腳傷,臺北市動物之家 收容編號104061102,02-87913062,tcapoa8@mail.taipei.gov.tw,,,,http://163.29.39.183/uploads/images/medium/d8c10704-490d-46fa-8ae7-43653124fcac.jpg
61,,雄,貓,中,成年,米克斯,動物救援,104061120,,未絕育,黃白,頭、右後隻外傷,臺北市動物之家 收容編號104061120,02-87913062,tcapoa8@mail.taipei.gov.tw,,,,http://163.29.39.183/uploads/images/medium/43fb383d-802e-4556-b0a1-15344a366d74.jpg
62,細翰仔,雄,犬,中,成年,米克斯,民眾拾獲,104060406,90073000015488,未絕育,黃,"你好!我叫細翰仔，但我可不是小小隻的米克斯唷，
可能是想表現一種跳慟的搞笑；P
我的黃毛摸起來很順很舒服，
想要每天摸摸我、一起散步，就快來帶我回家!",臺北市動物之家 收容編號104060406,02-87913062,tcapoa8@mail.taipei.gov.tw,,,,http://163.29.39.183/uploads/images/medium/cd7da146-da46-419c-84fe-1c4e5daafd16.jpg
63,小趴,雄,貓,中,成年,米克斯,民眾不擬續養,104060404,900108001489249,已絕育,虎斑,我叫小趴，個性比較害羞，要互動熟悉一段時間喔!,臺北市動物之家 收容編號104060404,02-87913062,tcapoa8@mail.taipei.gov.tw,,,,http://163.29.39.183/uploads/images/medium/50855b15-ddb1-4103-a4b0-5ff02d452fbe.jpg
64,小虎,雄,犬,中,成年,米克斯,動物救援,104060407,,未絕育,虎斑,哈囉~我是小虎，快來認養我好嗎?,臺北市動物之家 收容編號104060407,02-87913062,tcapoa8@mail.taipei.gov.tw,,,,http://163.29.39.183/uploads/images/medium/5ce8e528-6328-447b-ab0d-478825b67249.jpg
65,,雌,犬,幼,幼齡,米克斯,動物救援,104052706,,未絕育,黑,腹部、左後肢外傷；皮病,臺北市動物之家 收容編號104052706 ,02-87913062,tcapoa8@mail.taipei.gov.tw,,,,http://163.29.39.183/uploads/images/medium/b441cbbf-8558-4c4b-8700-1aaa8be8f618.jpg
66,,雄,犬,中,成年,米克斯,動物救援,104052612,900128000330530,未絕育,黃,"大家好，我是蛋黃。
我很穩重，安安靜靜，有一些害羞。
想要一隻穩定的狗狗，那就來帶我走吧！",臺北市動物之家 收容編號104052612,02-87913062,tcapoa8@mail.taipei.gov.tw,,,,http://163.29.39.183/uploads/images/medium/1dc0b3d3-0631-4f8c-80ee-044f027bbd01.jpg
67,浩克,雄,犬,大,成年,米克斯,動物救援,104052002,,已絕育,黑,"我是浩克
別看我個頭大
看起來好像兇兇的
其實我個性親人
還喜歡磨蹭人撒嬌呢！
快來跟我互動看看唷^O^",臺北市動物之家 收容編號104052002,02-87913062,tcapoa8@mail.taipei.gov.tw,,,,http://163.29.39.183/uploads/images/medium/4a003f7a-ca60-42df-80cb-d2dd2b160ddc.jpg
68,奇奇,雌,貓,小,年輕,米克斯,動物救援,104051307,,已絕育,三花,"愛滋貓
貓愛滋小知識：
    貓愛滋病，是由貓免疫不全病毒 (反轉錄病毒科Retroviridae) 所傳播，中文全名就是貓免疫不全病毒感染症。貓愛滋病與人愛滋病是兩種不同的疾病，不單是致病原不相同，甚至是傳染途徑也不相同，而取名愛滋是因為疾病產生的症狀就是以免疫缺乏為表現，這一點的確是與人的愛滋病相當類似，所以就算貓愛滋病跟人愛滋病均會讓患者免疫抑制，但這兩者仍然是完全不同的疾病！
傳染途徑：
1.帶原貓咬傷或是抓傷所感染
2.貓胎盤垂直傳染給幼貓
3.目前並沒有報告指出貓愛滋經由性交所傳播
治療方式：
1.目前無特效藥物可供使用
2.一般的治療是對症治療，並且加強貓咪的抵抗力、補充營養，同時控制與避免繼發的二次性感染。
3. 現行的預防模式是定期施打預防針、減少其他疾病的存在；實施節育並且減少出門，以防止貓咪發情外出打架或是爭地盤。常出門的或是流浪過的貓咪盡早檢驗貓愛滋的帶原。
如欲認養， 請填寫網上申請
http://www.spca.org.tw/online-application.html",台灣防止虐待動物協會,02 2367-0317                 02 2367-1905,adoptions@spca.org.tw,,,,http://163.29.39.183/uploads/images/medium/5c5d4470-33e5-44de-a2e4-1613d155bcb7.jpg
69,布朗尼,雌,犬,小,年輕,貴賓,動物救援,104051305,,已絕育,咖啡黑,"如欲認養， 請填寫網上申請
http://www.spca.org.tw/online-application.html",台灣防止虐待動物協會,02 2367-0317                 02 2367-1905,adoptions@spca.org.tw,,,,http://163.29.39.183/uploads/images/medium/ad6e0ba3-649a-49a8-a644-e30755e493a8.jpg
70,Demi,雌,犬,中,年輕,米克斯,,104051304,,未絕育,虎斑,"如欲認養， 請填寫網上申請
http://www.spca.org.tw/online-application.html",台灣防止虐待動物協會,02 2367-0317                 02 2367-1905,adoptions@spca.org.tw,,,,http://163.29.39.183/uploads/images/medium/51c8c4b3-c5ff-4ed7-ab7e-ff4190119161.jpg
71,小黑,雄,犬,大,年輕,米克斯,動物救援,104051303,,已絕育,黑,"如欲認養， 請填寫網上申請
http://www.spca.org.tw/online-application.html",台灣防止虐待動物協會,02 2367-0317                 02 2367-1905,adoptions@spca.org.tw,,,,http://163.29.39.183/uploads/images/medium/30a4b80d-a56c-4b02-ba4a-3fdda2d0705f.jpg
72,小白,雄,犬,中,成年,米克斯,動物救援,104051302,,已絕育,白,"如欲認養， 請填寫網上申請
http://www.spca.org.tw/online-application.html",台灣防止虐待動物協會,02 2367-0317                 02 2367-1905,adoptions@spca.org.tw,,,,http://163.29.39.183/uploads/images/medium/e661264a-9452-4b5e-a764-5732a0d3103a.jpg
73,白甘蔗,雄,其他,小,年輕,寵物兔,動物救援,104051201,,已絕育,黑,本案件是由西港區一名蔡姓女士所遺棄，主要是因小孩在寵物店看到可愛的幼兔，便買了一公一母回家飼養，5個月後母兔就懷孕生產8隻，隔5個月後生幼兔又具有繁殖能力再生，兔兔家族已累積到目前18隻，再養下去整個家都快成兔窩了，因此將兔兔全數送進收容所。,台北市愛兔協會,0922560178,service@rabbit.org.tw,是,否,,http://163.29.39.183/uploads/images/medium/ce24b67f-b049-4b81-a563-e46cd348f009.jpg
74,球球,雄,犬,大,成年,米克斯,動物救援,104051102,900073000029232,已絕育,黑,"我是球球
聰明帥氣體格又好
雖然不擅長跟其他狗狗相處
但我與人的互動可是很不錯的唷
喜歡我就快來動物之家找我吧！",臺北市動物之家 收容編號104051102,02-87913062,tcapoa8@mail.taipei.gov.tw,,,,http://163.29.39.183/uploads/images/medium/af654824-e060-4a4d-a377-d9153b2a184f.jpg
75,統一獅,雌,其他,中,年輕,寵物兔,動物救援,104050101,,已絕育,棕,愛兔協會志工執行收容關懷任務，並從收容所帶兔兔回來照顧的兔兔。本次關懷案件中一次共自各地收容所帶出4+2隻兔兔，其中兩隻(同一單位攜出)取名為環肥與燕瘦，另外四隻(另一單位攜出)的命名部份，事逢台灣正在進行總關冠軍決賽，因此志工將四隻兔兔分別以四支球隊做命名。(統一獅、兄弟象、義大犀牛、辣米糕),社團法人台北市愛兔協會,0922560178,service@rabbit.org.tw,可,否,,http://163.29.39.183/uploads/images/medium/1228c1c8-ddfe-4ac9-8204-a50ff5250c53.jpg
76,虎克,雄,犬,中,成年,米克斯,動物救援,104050101,,未絕育,黃,"左前肢截肢

我是虎克
是個親人的大男生
個性穩定不躁動
雖然少了一隻腳
但完全不會影響到我的行走
快把好個性的我帶回家吧^O^",臺北市動物之家 收容編號104050101,02-87913062,tcapoa8@mail.taipei.gov.tw,,,,http://163.29.39.183/uploads/images/medium/47f2b712-e153-441e-b36e-83389ebdd847.jpg
77,,雌,犬,小,年輕,米克斯,民眾拾獲,104050103,,未絕育,黑,"健康評估：
眼膿；
下巴、四肢趾間皮膚病
行為評估：友善、親人",臺北市動物之家 收容編號104050103,02-87913062,tcapoa8@mail.taipei.gov.tw,,,,http://163.29.39.183/uploads/images/medium/1646ea2a-b7ad-4530-ae88-f6a4c25286a5.jpg
78,皮蛋,雄,犬,小,幼齡,米克斯,動物救援,104042922,,未絕育,黑,"皮病
嗨~我是皮蛋，給我個機會，帶我回家吧!",臺北市動物之家 收容編號104042922, 02-87913062,tcapoa8@mail.taipei.gov.tw,,,,http://163.29.39.183/uploads/images/medium/3288a0de-7774-4737-94c9-329d3062ff12.jpg
79,柔柔,雌,犬,中,老年,米克斯,動物救援,104042803,,未絕育,黑,"我是柔柔
雖然年紀較大
但我活力還是很不錯唷
看到人都是笑瞇瞇的
也總是開心賣力的搖尾巴
就是希望你們能多注意到我一點
希望我能成為你們家中的一份子喔！",臺北市動物之家 收容編號104042803,02-87913062,tcapoa8@mail.taipei.gov.tw,,,,http://163.29.39.183/uploads/images/medium/34be9fd8-f806-41b0-bbb8-b121dfacb84d.jpg
80,Jacky,雄,犬,中,年輕,米克斯,,104042602,,已絕育,黑,"如欲認養， 請填寫網上申請
http://www.spca.org.tw/online-application.html",台灣防止虐待動物協會,"02-23670317, 2367-1905",adoptions@spca.org.tw,,,,http://163.29.39.183/uploads/images/medium/90212411-3de3-4b6c-9741-3d0238299d84.jpg
81,米奇,雄,犬,大,年輕,米克斯,動物救援,104042601,,已絕育,黑,"如欲認養， 請填寫網上申請
http://www.spca.org.tw/online-application.html",台灣防止虐待動物協會,"02-2367-0317, 1905",adoptions@spca.org.tw,,,,http://163.29.39.183/uploads/images/medium/57bcab78-62e1-4d59-b280-42b862a3e895.jpg
82,奇哥,雄,犬,中,成年,米克斯,動物救援,104041516,,未絕育,黃,嗨~我是奇哥，帶我回家好嗎?,臺北市動物之家 收容編號104041516,02-87913062,tcapoa8@mail.taipei.gov.tw,,,,http://163.29.39.183/uploads/images/medium/2fd786cc-63dc-468b-9169-784c800a2647.jpg
83,,雄,犬,中,成年,米克斯,動物救援,104041509,,未絕育,黃,右後肢傷、跛行,臺北市動物之家 收容編號104041509,02-87913062,tcapoa8@mail.taipei.gov.tw,,,,http://163.29.39.183/uploads/images/medium/82b6b71f-6b2a-4422-b8ba-156dcdde2046.jpg
84,,雌,貓,中,成年,米克斯,動物救援,104041417,,未絕育,黑白,右剪耳、右後肢骨折,臺北市動物之家 收容編號104041417 ,02-87913062,tcapoa8@mail.taipei.gov.tw,,,,http://163.29.39.183/uploads/images/medium/35ddcd20-a8a8-4874-8717-3e30d9783c5f.jpg
85,東山ㄚ頭,雌,其他,大,成年,寵物兔,動物救援,104033101,,已絕育,棕白,"兔兔姓名：東山ㄚ頭
預估歲數：約1.5歲（2014.11 救援兔僅能預估）
性　　別：女生
善化收容所棄兔群緊急協助案件
本案件是由西港區一名蔡姓女士所遺棄，主要是因小孩在寵物店看到可愛的幼兔，便買了一公一母回家飼養，5個月後母兔就懷孕生產8隻，隔5個月後生幼兔又具有繁殖能力再生，兔兔家族已累積到目前18隻，再養下去整個家都快成兔窩了，因此將兔兔全數送進收容所。",台北市愛兔協會,0922560178,service@rabbit.org.tw,需評估,需評估,,http://163.29.39.183/uploads/images/medium/c50e053b-7f00-4918-9152-e1134b5363fb.jpg
86,西瓜,雄,貓,中,老年,米克斯,民眾不擬續養,104032826,,已絕育,黑白,"左上犬齒掉牙

大家好我叫西瓜
一開始來到陌生環境的我比較緊張
但是經由幸福轉運站的志工們用好多的耐心愛心和時間陪伴我之後
現在的我撒嬌本能又被激發出來囉
如果想要認識我請先聯繫幸福轉運站唷~~",臺北市動物之家 收容編號104032826,02-87913062,tcapoa8@mail.taipei.gov.tw,,,,http://163.29.39.183/uploads/images/medium/c197c792-494b-4d80-9923-f0637a707eff.jpg
87,哺哺,雌,犬,小,年輕,米克斯,動物救援,104031809,,未絕育,黑,"我是哺哺
有點害羞
但是可以摸摸
要有耐心才能讓我知道你不會傷害我喔！",臺北市動物之家 收容編號104031809 ,02-87913062 ,tcapoa8@mail.taipei.gov.tw,,,,http://163.29.39.183/uploads/images/medium/2b1ba3fb-e227-4996-b6ba-a8f05e610912.jpg
88,澎澎,雌,犬,中,成年,米克斯,動物救援,104031804,,未絕育,黑,"母；全身皮病；右眼角膜潰瘍、水腫

我是澎澎
開朗有活力
很喜歡與人親近互動
快來動物之家找我
讓我用我的熱情來感染你們吧！",臺北市動物之家 收容編號104031804,02-87913062,tcapoa8@mail.taipei.gov.tw,,,,http://163.29.39.183/uploads/images/medium/907f27cb-a310-408c-9083-448f5d2aef0d.jpg
89,咖姆,雌,犬,大,成年,米克斯,動物救援,104031306,,未絕育,咖啡,"我叫咖姆
我懂得用吠叫來嚇走我感到有威脅性的陌生事物
如果要找顧家的好狗
選我就對了！",臺北市動物之家 收容編號104031306,02-87913062,tcapoa8@mail.taipei.gov.tw,,,,http://163.29.39.183/uploads/images/medium/aac701bd-f7be-4b84-9b71-58de50bbae7b.jpg
90,松子,雌,犬,中,成年,米克斯,動物救援,104031303,,未絕育,棕,"頭、右肩部多處散彈槍傷
我是松子
我的傷口好得差不多囉~
快來動物之家跟乖巧的我互動吧~",臺北市動物之家 收容編號104031303,02-87913062,tcapoa8@mail.taipei.gov.tw,,,,http://163.29.39.183/uploads/images/medium/18922c09-80e3-4d57-8805-92ec294c68c2.jpg
91,馬尼,雄,犬,中,年輕,米克斯,,104031208,,已絕育,黑,"如欲認養， 請填寫網上申請
http://www.spca.org.tw/online-application.html",台灣防止虐待動物協會,02 2367-0317                      02 2367-1905,adoptions@spca.org.tw,,,,http://163.29.39.183/uploads/images/medium/1802a533-2d35-4623-a2ce-727f486433b5.jpg
92,呱呱,雌,犬,中,成年,米克斯,動物救援,104031103,,未絕育,黑,"我是呱呱
個性比較靦腆
不過我是個溫柔的女生唷
動物之家的黑狗狗很多
希望我能用我的好個性融化你們^__^",臺北市動物之家 收容編號104031103,02-87913062,tcapoa8@mail.taipei.gov.tw,,,,http://163.29.39.183/uploads/images/medium/981728f1-c574-474f-b01f-0c3e7b833cea.jpg
93,小歪,雌,犬,小,年輕,米克斯,動物救援,104030501,,未絕育,黑,"我是小歪，看到人會高興的搖尾巴
但其實個性有點害羞，如果太快靠近我會嚇到我唷~
先讓我聞聞手手，認識一下你的味道
很快的我就會喜歡上你囉~
這麼溫柔的狗勾還不趕快來認養~",臺北市動物之家 收容編號104030501,02-87913062,tcapoa8@mail.taipei.gov.tw,,,,http://163.29.39.183/uploads/images/medium/ad1d60a9-1a2b-4e62-ac23-7a5745773490.jpg
94,小YG,雄,其他,大,成年,寵物兔,動物救援,104022402,,已絕育,灰白,"兔兔姓名：小YG
預估歲數：約兩歲（2013/06/19）
性　　別：男生

新竹地區的棄養案件
由拾獲者通報後送到愛兔之家做後續照顧
歪頭部份不可逆，但病情已獲得控制
可以像一般正常兔一樣照顧與自理
認養需有飼養兔經驗",台北市愛兔協會,0922560178,service@rabbit.org.tw,需評估,需評估,,http://163.29.39.183/uploads/images/medium/35900f92-2c04-42b1-8854-4486d8fd3791.jpg
95,高雄黑輪大王,雌,其他,大,成年,寵物兔,動物救援,104022401,,已絕育,黑白,"兔兔姓名：高雄黑輪大王
預估歲數：約1.5歲（2014.11.28 救援兔僅能預估）
性　　別：女生

民眾高雄路邊拾獲的棄養兔
晚上九點多要開車回家的路上，在隔壁巷子的路中間發現兔子在馬路上跑，之後有去問過附近住戶，但是都不是他們養的，只好先帶回飼養並通報愛兔協會",台北市愛兔協會,0922560178,service@rabbit.org.tw,需評估,需評估,,http://163.29.39.183/uploads/images/medium/ab074f7a-bc19-46ce-861b-954a29b881ea.jpg
96,蔓蔓,雌,犬,中,成年,米克斯,動物救援,104021702,,未絕育,黑,"頸部環狀傷口
哈囉~我是蔓蔓，我的個性溫和友善，你可以給我良好的生活環境嗎?帶我回家吧!",臺北市動物之家 收容編號104021702,02-87913062,tcapoa8@mail.taipei.gov.tw,,,,http://163.29.39.183/uploads/images/medium/bd09019b-fff8-4964-8650-959d91fded42.jpg
97,栗子,雌,犬,小,年輕,貴賓,動物救援,104021723,,已絕育,棕,"右眼受傷已失明 
如欲認養， 請填寫網上申請
http://www.spca.org.tw/online-application.html",台灣防止虐待動物協會,02 2367-0317                 02 2367-1905,adoptions@spca.org.tw,,,,http://163.29.39.183/uploads/images/medium/806c844a-5ae0-4c87-9954-f8d91706fa51.jpg
98,小飛俠,雄,犬,小,成年,博美,動物救援,104021722,,已絕育,棕,"有心臟病 牙周病
如欲認養， 請填寫網上申請
http://www.spca.org.tw/online-application.html",台灣防止虐待動物協會,02 2367-0317                  01 2367-1905,adoptions@spca.org.tw,,,,http://163.29.39.183/uploads/images/medium/571b0efc-1a38-4400-996d-8b86411b9c0c.jpg
99,小黃,雄,犬,中,年輕,米克斯,動物救援,104021714,,未絕育,棕,"如欲認養， 請填寫網上申請
http://www.spca.org.tw/online-application.html",台灣防止虐待動物協會,02 2367-0317               02 2367-1905,adoptions@spca.org.tw,,,,http://163.29.39.183/uploads/images/medium/f61afcdb-5763-4e40-ae62-3ec4b6694391.jpg
100,宮寶,雄,貓,小,年輕,米克斯,動物救援,104021713,,已絕育,黃白,"如欲認養， 請填寫網上申請
http://www.spca.org.tw/online-application.html",台灣防止虐待動物協會,02 2367-0317                         02 2367-1905,adoptions@spca.org.tw,,,,http://163.29.39.183/uploads/images/medium/aa4e0c4a-9d17-4b31-a466-b33ab35839e8.jpg
101,小乖,雄,犬,小,成年,貴賓,動物救援,104021711,,已絕育,棕,"有牙周病
如欲認養， 請填寫網上申請
http://www.spca.org.tw/online-application.html",台灣防止虐待動物協會,02 2367-0317                 02 2367-1905,adoptions@spca.org.tw,,,,http://163.29.39.183/uploads/images/medium/7204f8d4-5131-4640-8baf-079214ce1ae5.jpg
102,奇奇,雌,貓,小,成年,米克斯,動物救援,104021710,,已絕育,三花,"愛滋貓
如欲認養， 請填寫網上申請
http://www.spca.org.tw/online-application.html",台灣防止虐待動物協會,02 2367-0317                    02 2367-1905,adoptions@spca.com.tw,,,,
103,琪琪,雌,貓,小,成年,米克斯,動物救援,104021708,,已絕育,三花,"如欲認養， 請填寫網上申請
http://www.spca.org.tw/online-application.html",台灣防止虐待動物協會,02 2367-0317                   02 2367-1905,adoptions@spca.org.tw,,,,
104,茉莉,雌,貓,小,成年,米克斯,動物救援,104021702,,已絕育,三花,"如欲認養， 請填寫網上申請
http://www.spca.org.tw/online-application.html",台灣防止虐待動物協會(Taiwan SPCA),02 2367-0317                02 2367-1905,adoptions@spca.org.tw,,,,http://163.29.39.183/uploads/images/medium/711417dd-5f75-418d-8f5f-788e319eefee.jpg
105,荷花,雌,貓,中,年輕,米克斯,動物救援,104020602,,未絕育,三花,"三肢外傷 左後肢截肢
我是少了一隻腳腳的荷花
我這麼努力接受治療又可以摸摸
趕快來動物之家帶我回家吧~
",臺北市動物之家 收容編號104020602,02-87913062,tcapoa8@mail.taipei.gov.tw,,,,http://163.29.39.183/uploads/images/medium/49d9cd1f-bdb2-42b0-ac49-1249f81757dd.jpg
106,U莉,雌,犬,中,成年,米克斯,動物救援,104013103,,未絕育,黑,"我叫U莉
我的個性超級活潑陽光
趕快帶我回家當開心果吧~~",臺北市動物之家 收容編號104013103,02-87913062,tcapoa8@mail.taipei.gov.tw,,,,http://163.29.39.183/uploads/images/medium/d21b3f1f-a678-4a70-a21c-1861691be67c.jpg
107,貪吃鬼,雌,其他,大,成年,寵物兔,動物救援,104011603,,已絕育,黑白,"兔兔姓名：貪吃鬼
預估歲數：2014/03/03出生
性　　別：女生

三月初
一位民眾在桃園地區手機通信行附近救援到白兔一隻
先緊急帶回家時
白兔一口氣生了八隻小乳兔
由於通報人完全無經驗一時慌了手腳
志工緊急請通報人趕緊轉回愛兔之家做必要的照顧......
之後在愛兔之家的安置下
白兔媽媽養活了其中的六隻~",台北市愛兔協會,0922560178,service@rabbit.org.tw,需評估,需評估,,http://163.29.39.183/uploads/images/medium/16fffb6f-e6ce-4118-b7dd-46e0c3b4dba1.jpg
108,利瑪竇,雄,其他,大,成年,寵物兔,動物救援,104011601,,已絕育,棕白,"兔兔姓名：利瑪竇
預估歲數：約一歲（2014/10/08 救援兔僅能預估）
性　　別：男生

住在泰山地區的外籍大學生
之後因故返回家鄉
將兩隻兔子直接移棄在所居住的宿舍
該校的天主教傳教士發現後
隨即協助做緊急收容並帶兔兔給醫師做檢查
之後根據流程通報給愛兔協會
並在跟志工相約的時間
將兔兔帶到愛兔之家作後續的照顧
兩隻兔兔都有明顯的疥癬
暫時需做隔離照顧",台北市愛兔協會,0922560178,service@rabbit.org.tw,需評估,需評估,,http://163.29.39.183/uploads/images/medium/6822e52c-12e9-4c9c-9c94-a7dc911d33db.jpg
109,三八痣,雌,其他,大,成年,寵物兔,動物救援,103123103,,已絕育,黑白,"兔兔姓名：三八痣
預估歲數：2014/03/03出生
性　　別：女生

三月初
一位民眾在桃園地區手機通信行附近救援到白兔一隻
先緊急帶回家時
白兔一口氣生了八隻小乳兔
由於通報人完全無經驗一時慌了手腳
志工緊急請通報人趕緊轉回愛兔之家做必要的照顧......
之後在愛兔之家的安置下
白兔媽媽養活了其中的六隻~",台北市愛兔協會,0922560178,service@rabbit.org.tw,需評估,需評估,,http://163.29.39.183/uploads/images/medium/da4f1eb9-d9b6-4351-af69-aa033cdcab83.jpg
110,獨目龍,雌,貓,中,成年,米克斯,動物救援,103122301,900073000029248,已絕育,虎斑,"右眼摘除
大家好~我是只有一隻眼睛的獨目龍
經過重大的創傷之後，我還是順利的活下來了~
我已經絕育也注射了晶片
現在，我只差一個溫暖的家囉~",臺北市動物之家 收容編號103122301,02-87913062,tcapoa8@mail.taipei.gov.tw,,,,http://163.29.39.183/uploads/images/medium/c27c9f37-c1e6-455d-a5ea-c931372ca7e6.jpg
111,小琪,雌,犬,中,成年,米克斯,民眾不擬續養,103112614,,已絕育,虎斑,"我是小琪
是個漂亮的虎斑女孩
對陌生人會表現的比較害羞
不過熟悉後會發現
我其實有著愛撒嬌的可愛個性<3
跟我互動後你們一定也會喜歡上我唷??",臺北市動物之家 收容編號103112614,02-87913062,tcapoa8@mail.taipei.gov.tw,,,,http://163.29.39.183/uploads/images/medium/21e3df1d-a250-46ac-a0c5-c36c2ed7f162.jpg
112,環肥,雄,其他,大,成年,寵物兔,動物救援,103112001,,已絕育,黃白,"兔兔姓名：環肥
預估歲數：約兩歲（2014/10/23 救援兔僅能預估）
性　　別：男生

愛兔協會志工執行收容關懷任務，並從收容所帶兔兔回來照顧的兔兔。本次關懷案件中一次共自各地收容所帶出4+2隻兔兔，其中兩隻(同一單位攜出)取名為環肥與燕瘦，另外四隻(另一單位攜出)的命名部份，事逢台灣正在進行總關冠軍決賽，因此志工將四隻兔兔分別以四支球隊做命名。(統一獅、兄弟象、義大犀牛、辣米糕)",台北市愛兔協會,0922560178,service@rabbit.org.tw,需評估,需評估,,http://163.29.39.183/uploads/images/medium/868bb1a7-1c44-4413-a80e-d44e4cdf95d8.jpg
113,阿南,雄,貓,中,成年,米克斯,民眾拾獲,103111308,900073000029229,未絕育,黑,"右外側肩胛及前胸撕裂傷
大家好!我的名字叫阿南，個性有些緊張的我，很想要一個疼愛我、包容我的家!可以給我這個機會嗎?",臺北市動物之家 收容編號103111308,02-87913062,tcapoa8@mail.taipei.gov.tw,,,,http://163.29.39.183/uploads/images/medium/1a4bd5cc-7402-450c-9942-0d05842c000a.jpg
114,山頂洞人,雄,其他,大,成年,寵物兔,動物救援,103111302,,已絕育,黑白,"兔兔姓名：山頂洞人
預估歲數：約三歲（2014.07.17 救援兔僅能預估）
性　　別：男生

遭遺棄在內洞公園的山區，下半身機乎潰爛
經醫療檢查之後發現，過去有頸椎受傷的痕跡、肋骨也有斷裂的舊傷、下半身嚴重胼肢與脫毛，營養不良導致貧血，肝腎指數偏高,目前體重僅1.8公斤，需追蹤複查。
2014/7/30 回診 ，恢復良好目前體重2.2公斤，貧血狀況已經恢復正常了，持續服用葡萄糖胺約一個月加強恢復身體功能",台北市愛兔協會,0922560178,service@rabbit.org.tw,需評估,需評估,,http://163.29.39.183/uploads/images/medium/a27766e9-23bd-483a-9307-7c705b24439d.jpg
115,金十字,雌,貓,中,成年,米克斯,動物救援,103110106,900073000029297,已絕育,虎斑,"車禍，頸部大面積傷口縫合
大家好!我的名字叫金十字，我曾經因為車禍受過一些傷，但現在已經痊癒囉!現在給我一個溫暖的家吧!",臺北市動物之家 收容編號103110106,02-87913062,tcapoa8@mail.taipei.gov.tw,,,,http://163.29.39.183/uploads/images/medium/075e6e7a-f524-40b5-9fc3-37f7dddf45ff.jpg
127,胖胖,雌,犬,中,老年,米克斯,動物救援,103071608,900138000039296,未絕育,黑,"我是胖胖
是隻多才多藝的聰明優質狗狗
坐下握手換手還有趴下
這些通通都難不倒我
快來動物之家找我
跟我互動後就知道我有多棒了歐^O^
",臺北市動物之家 收容編號103071608,02-87913062,tcapoa8@mail.taipei.gov.tw,,,,http://163.29.39.183/uploads/images/medium/a9cc2c53-c868-4dc1-a810-cdc2a8f0d265.jpg
116,咖咖,雌,犬,中,年輕,米克斯,動物救援,103100203,,已絕育,咖啡,"你好! 我是咖咖，是個害羞的小女生。
從原本緊張膽小，漸漸訓練成可以牽著繩子慢慢散步嘍^^
但我還是需要一個有耐心陪伴我的主人，
一起一步步迎向開朗生活。
快來帶我回家吧!",臺北市動物之家 收容編號103100203,02-87913062,tcapoa8@mail.taipei.gov.tw,,,,http://163.29.39.183/uploads/images/medium/b4a5fb9a-6506-437a-b586-cbb7109b3e67.jpg
117,嘿咩,雄,貓,幼,幼齡,米克斯,,103091801,,未絕育,黑,"姓名:嘿咩
性別:男
預估生日:103年5月
個性活潑

認養人需年滿21歲、學生需家長同意、需能接受認養前探訪(大台北地區優先)、簽立認養切結書、晶片登記","臺北市流浪貓保護協會02-27261079(詢問時直接講貓名,不用講編號)",0227261079,jingyi@so-net.net.tw,,可(貓),2KG,http://163.29.39.183/uploads/images/medium/be4b47a3-e880-44de-bb5f-c3dd31e3e15b.jpg
118,碧昂絲,雌,貓,中,老年,米克斯,民眾拾獲,103091024,,未絕育,黑,"右剪耳 骨盆骨折、左腳骨折已癒合
大家好~我的名字叫碧昂絲，因為我受過傷，所以現在的行動比較不方便，但我還是可以爬高爬低喔!給我個機會吧!",臺北市動物之家 收容編號103091024,02-87913062,tcapoa8@mail.taipei.gov.tw,,,,http://163.29.39.183/uploads/images/medium/0dc9f820-1c03-4f5c-80c0-48d03132a048.jpg
119,嘿嘿嘿,雄,貓,小,幼齡,米克斯,,103081804,,未絕育,黑,"姓名:嘿嘿嘿

性別:女

年紀:約103/5/20出生

個性:活潑、親人

身體狀況:已施打預防針、驅蟲

認養人需年滿21歲、學生需家長同意、需能接受認養前探訪(大台北地區優先)、簽立認養切結書、晶片登記",臺北市流浪貓保護協會02-27261079,0227261079,jingyi@so-net.net.tw,"可,太小的不建議","可,貓",2KG,http://163.29.39.183/uploads/images/medium/2e32ed85-dbc8-49da-817a-7770a3018a10.jpg
120,玉潤,雌,貓,大,年輕,米克斯,,103081803,,已絕育,黑,"姓名:玉潤

年齡:預估5-6歲(2014年接手)

個性:親人、稍瘦(目前正在養胖中)、新手認養可

已施打預防針、除蚤

認養人需年滿21歲、學生需家長同意、需能接受認養前探訪(大台北地區優先)、簽立認養切結書、晶片登記
",臺北市流浪貓保護協會02-27261079,0227261079,jingyi@so-net.net.tw,,"可,貓",2.8KG,http://163.29.39.183/uploads/images/medium/5a5703a5-096d-44fd-9599-c8399abb0d07.jpg
121,珠圓,雌,貓,中,成年,米克斯,,103081802,,已絕育,虎斑白,"姓名:珠圓

年齡:預估5-6歲(2014年接手)

個性:親人、稍瘦(目前正在養胖中)、新手認養可

已施打預防針、除蚤

認養人需年滿21歲、學生需家長同意、需能接受認養前探訪(大台北地區優先)、簽立認養切結書、晶片登記
",臺北市流浪貓保護協會02-27261079,0227261079,jingyi@so-net.net.tw,,"可,貓",2.8KG,http://163.29.39.183/uploads/images/medium/fc1bf3a0-b5e2-4d0e-8b1f-1a5340e75669.jpg
122,蘭D,雌,貓,中,成年,米克斯,,103081102,,已絕育,三花,"姓名:蘭C、蘭D(三花姐妹花)

性別:都是女生

年齡:預計2010年2-3月出生

個性:慢熱怕生,熟了可摸,不太愛抱,比較適合喜歡貓咪較獨立的人或家庭

已施打過預防針、除蚤、已絕育


認養人需年滿21歲、學生需家長同意、需能接受認養前探訪(大台北地區優先)、簽立認養切結書、晶片登記
",臺北市流浪貓保護協會02-27261079,0227261079,jingyi@so-net.net.tw,,,4KG,http://163.29.39.183/uploads/images/medium/e7d548a3-baa5-4fd5-b48d-20364139b3bc.jpg
123,蘭C,雌,貓,中,年輕,米克斯,,103081101,,已絕育,三花,"姓名:蘭C、蘭D(三花姐妹花)

性別:都是女生

年齡:預計2010年2-3月出生

個性:慢熱怕生,熟了可摸,不太愛抱,比較適合喜歡貓咪較獨立的人或家庭


已施打過預防針、除蚤、已絕育


認養人需年滿21歲、學生需家長同意、需能接受認養前探訪(大台北地區優先)、簽立認養切結書、晶片登記
",臺北市流浪貓保護協會02-27261079,0227261079,jingyi@so-net.net.tw,,,4KG,http://163.29.39.183/uploads/images/medium/7d7f7715-489d-463b-be11-640702022e06.jpg
124,唧唧,雌,犬,中,成年,米克斯,民眾不擬續養,103080201,900138000388164,未絕育,黃白,"我是唧唧
個性很內向
與人互動雖然不在行
可是我都有在學習唷
從我一開始在動物之家到現在
進步真的是有目共睹的!
希望你們別著急
多給我一些時間還有機會
我一定可以表現的越來越好>O<",臺北市動物之家 收容編號103080201,02-87913062,tcapoa8@mail.taipei.gov.tw,,,,http://163.29.39.183/uploads/images/medium/0991febb-2351-4833-8d6f-9cabbcf30660.jpg
125,甯采臣,雄,其他,大,成年,寵物兔,動物救援,103072602,,已絕育,灰,"兔兔姓名：甯采臣
預估歲數：2歲（救援兔僅能預估）
性　　別：男生

民眾在家中附近買消夜回家
看到一位老婆婆提著超大鳥籠在接上
好奇心驅使上前
發現大鳥籠內裝了兩隻兔兔
但走到街口放置後就準備離去
於是前往詢問
老婆婆向民眾辯稱是與人約在這裡接兔子
告知晚上就會有人來帶回
隨即匆匆就離去

民眾不放心(現場野狗多)
於在現現場等候
結果一直等到晚上十二點多
根本都沒有(接兔子)的人出現
於是先帶回安置
並通報給愛兔協會",台北市愛兔協會,0922560178,service@rabbit.org.tw,需評估,需評估,,http://163.29.39.183/uploads/images/medium/13be8669-eecb-4fb9-af03-94c425d293a2.jpg
126,寶弟,雄,貓,大,年輕,米克斯,,103071802,,已絕育,黑,"姓名:無敵天兵小寶弟

性別:男生

年紀:預估2013年8月出生

個性:
可以形容寶弟的詞 大概就是 皮、天兵、、公關貓、監工、寶貝蛋一個、像狗一樣(可以玩你丟他去撿,但是不會回來)
目前就是人類睡前時他會來大撒嬌 可以摸到爽不太會被咬

他太容易覺得無聊了
所以只好東撥撥西撥撥把東西都推到地上,追人腳、追其它貓咪,再惹怒其它貓咪去追他
需要喜歡貓咪活潑而且有空陪他玩 消耗他體力的家庭
咬這件事 大多是手在他面前晃 讓他覺得是會動的被獵物
這件事還在努力中
但是如果你不會太介意 能接受 其它他會是個不會讓你日子無聊的好貓伴

可以玩你丟我撿
基本上就是狗就是了

建議有養過貓的人認養
已絕育、已施打預防針


認養人需年滿21歲、學生需家長同意、需能接受認養前探訪(大台北地區優先)、簽立認養切結書、晶片登記",臺北市流浪貓保護協會02-27261079,0227261079,jingyi@so-net.net.tw,不建議,,4.5KG,http://163.29.39.183/uploads/images/medium/f3ee9c4d-b12a-43bf-ab9d-8eaaeaa03869.jpg
128,Kiki,雌,犬,小,年輕,米克斯,動物救援,103071001,900138000388400,未絕育,棕,"嘿唷~~~~
我是小可愛Kiki
活力充沛
是個好奇心旺盛的小女生ㄛ!

要認養保育室毛寶貝的把拔馬麻們
可以先跟醫生哥哥姊姊了解過我們的健康狀況再填認養資料唷<3",臺北市動物之家 收容編號103071001,02-87913062,tcapoa8@mail.taipei.gov.tw,,,,http://163.29.39.183/uploads/images/medium/9106b0ae-e211-4189-8923-299897f0f75a.jpg
129,虎哥,雄,犬,中,成年,米克斯,民眾不擬續養,103062803,900138000383829,已絕育,虎斑,"打ㄍㄟ後我是虎哥
有著大哥般的嚴肅臉
讓人忍不住稱呼我一聲哥
但別看我這樣
我可是很溫柔的唷
個性也很穩定不躁動
都形容成這樣了你們還不心動嗎
快來動物之家把我帶回家啦!!!!",臺北市動物之家 收容編號103062803,02-87913062,tcapoa8@mail.taipei.gov.tw,,,,http://163.29.39.183/uploads/images/medium/6833c5e0-d668-4f04-95f0-dd150b0d7f2d.jpg
130,木耳,雌,犬,中,成年,米克斯,動物救援,103062405,,未絕育,黑白,"大家好，我是木耳，
我的耳朵黑黑的很像木耳，很可愛吧！
我在動物之家等一個家，快來帶我回家吧！
皮病、頸傷、發情中",臺北市動物之家 收容編號103062405 ,02-87913062 ,tcapoa8@mail.taipei.gov.tw,,,,http://163.29.39.183/uploads/images/medium/77b571c6-dc86-438d-8df9-627f69be3b5e.jpg
131,Fefe,雌,犬,中,年輕,米克斯,民眾拾獲,103061514,,未絕育,棕,"母

我是Fefe
個性比較內向
對陌生人會有些戒心
不過跟之前相比我已經進步不少囉
希望你們可以給我機會
讓我能夠更加活潑開朗！",臺北市動物之家 收容編號103061514,02-87913062,tcapoa8@mail.taipei.gov.tw,,,,http://163.29.39.183/uploads/images/medium/1e506da4-fea4-4251-bdbc-cff4df96f4dc.jpg
132,阿清,雄,貓,中,成年,米克斯,民眾不擬續養,103061415,900138000384306,已絕育,虎斑白,"大家好，我是阿清，原本我是隻家貓，
住到收容所已經過一年了。
已經絕育也植入晶片。
個性有些緊張，希望妳們還是有看到我，
被我吸引到的人快來帶我回家啦。",臺北市動物之家 收容編號103061415,02-87913062,tcapoa8@mail.taipei.gov.tw,,,,http://163.29.39.183/uploads/images/medium/314d2632-3c09-4ce5-bc57-b24a9788ff28.jpg
133,黑花,雄,犬,小,幼齡,米克斯,動物救援,103061019,,未絕育,黑白,"我是黑花
個性害羞緊張
如果太急躁的跟我相處會嚇壞我唷
我有漂亮的眼睛跟可愛的垂耳
快來動物之家看看我吧~",臺北市動物之家 收容編號103061019,02-87913062,tcapoa8@mail.taipei.gov.tw,,,,http://163.29.39.183/uploads/images/medium/13e144f3-9a61-404b-88df-0f96958128ff.jpg
134,Freedom,雄,犬,中,成年,米克斯,動物救援,103052330,,未絕育,黃,"尾傷

我叫Freedom
別看我的體格雄壯威武
其實我的內心是永遠的三月齡
我一輩子都需要一個可以好好愛我的人對我嬰兒抱
天氣開始冷了
你要帶我這個巨無霸暖暖包回家嗎？",臺北市動物之家 收容編號103052330,02-87913062,tcapoa8@mail.taipei.gov.tw,,,,http://163.29.39.183/uploads/images/medium/d9c33d16-b4c0-437d-87bb-d3989c00bc9f.jpg
135,虎皮,雄,貓,中,成年,米克斯,民眾不擬續養,103051612,900138000388565/900138000383359,已絕育,虎斑,"YO~我是愛睡覺的虎皮
我又回來了
雖然我愛睡覺
但不表示我的脾氣很好
想帶我回家要想清楚唷~",臺北市動物之家 收容編號103051612,02-87913062,tcapoa8@mail.taipei.gov.tw,,,,http://163.29.39.183/uploads/images/medium/9bda5d73-6107-4487-99d8-1baaf9ddd367.jpg
136,嘟嘟,雌,犬,小,年輕,米克斯,動物救援,103041419,,未絕育,黑,"我是啾咪嘟嘟^0<
有著活潑親人的可愛個性
對陌生人雖然還是會小小緊張
但多跟我說說話、摸摸我
我一下就可以消弭緊張感囉
快把我的編號記下
到動物之家找我玩吧~~<3",臺北市動物之家 收容編號103041419,02-87913062,tcapoa8@mail.taipei.gov.tw,,,,http://163.29.39.183/uploads/images/medium/060c8d2b-2bae-4bf5-a8f8-6e58b6d962a0.jpg
137,豬尾巴金金,雌,貓,大,老年,米克斯,,103022802,,已絕育,三花,"姓名:有著可愛捲捲豬尾巴的金金

報到時間:2007年1月(預估生日 2006年)

個性:活潑、愛玩、會看人什麼時候有空,一有空就會撒嬌,比較愛摸不愛抱,較適合已有過養貓經驗的人飼養,有著捲捲豬尾巴是特色

認養人需年滿21歲、學生需家長同意、需能接受認養前探訪(大台北地區優先)、簽立認養切結書、晶片登記",臺北市流浪貓保護協會02-27261079,0227261079,jingyi@so-net.net.tw,,,4KG,http://163.29.39.183/uploads/images/medium/591907f4-1ce3-4dd8-9164-b7d3fa0a1ccb.jpg
138,爺比,雄,貓,中,年輕,米克斯,,103022801,,未絕育,虎斑白,"姓名：爺比
性別：小男生
年齡：預估102年9月中出生


個性:都很好、活潑、愛玩、與人親近、給摸給抱
身體狀況:已施打預防針、驅蟲、除蚤(102/11/7施打第一劑預防針、12/18施打狂犬病疫苗)

認養人需年滿21歲、學生需家長同意、需能接受認養前探訪(大台北地區優先)、簽立認養切結書、晶片登記",臺北市流浪貓保護協會02-27261079,0227261079,jingyi@so-net.net.tw,可,可,3KG,http://163.29.39.183/uploads/images/medium/3b723d79-eab2-42f1-9220-323719813175.jpg
139,小澤,雄,貓,中,年輕,米克斯,,103012703,,已絕育,虎斑白,"小澤
(草嶺)古道兄弟，頭上黑毛對分的是半澤(小澤)、黑毛連在一起的是直樹(小樹)，這命名想了很久，突然想到他們頭上的黑毛，很像近日很夯的半澤直樹的西裝頭。
古道兄弟/小樹(馬桶蓋)＋小澤(半分頭)

性別:男生

個性:愛吃愛玩、轉換環境會小緊張,但有得吃有得玩很快就適應了

身體狀況:已施打預防針、驅蟲、除蚤

認養人需年滿21歲、學生需家長同意、需能接受認養前探訪(大台北地區優先)、簽立認養切結書、晶片登記",臺北市流浪貓保護協會02-27261079,0227261079,jingyi@so-net.net.tw,,"可,貓",4KG,http://163.29.39.183/uploads/images/medium/4169125e-54a1-4723-98a2-50e653622cd9.jpg
146,布萊克,雄,犬,幼,幼齡,米克斯,動物救援,102082306,,未絕育,黑,"皮膚病
我想要回新家啦！我是布萊克，，渴望有個新家、新主人！！",臺北市動物之家 收容編號102082306,02-87913062,tcapoa8@mail.taipei.gov.tw,,,,http://163.29.39.183/uploads/images/medium/684c9384-a223-488b-952d-256d9c41468e.jpg
140,小樹,雄,貓,中,年輕,米克斯,,103012702,,未絕育,虎斑白,"小樹
(草嶺)古道兄弟，頭上黑毛對分的是半澤(小澤)、黑毛連在一起的是直樹(小樹)，這命名想了很久，突然想到他們頭上的黑毛，很像近日很夯的半澤直樹的西裝頭。
古道兄弟/小樹(馬桶蓋)＋小澤(半分頭)

性別:男生

個性:愛吃愛玩、轉換環境會小緊張,但有得吃有得玩很快就適應了

身體狀況:已施打預防針、驅蟲、除蚤

認養人需年滿21歲、學生需家長同意、需能接受認養前探訪(大台北地區優先)、簽立認養切結書、晶片登記",臺北市流浪貓保護協會02-27261079,0227261079,jingyi@so-net.net.tw,,"可,貓",3KG,http://163.29.39.183/uploads/images/medium/8c76ec1b-5f58-4ef1-ac2b-266590cb0142.jpg
141,啾咪,雌,貓,中,年輕,米克斯,,103011401,,已絕育,黑白,"啾咪-親人愛撒嬌也活潑愛玩耍的小女生
眼睛感染,單眼有點霧霧但不影響生活
新手認養可,較活潑,家中若有過小或是行動不便的家人較不適合

約102年4月生，，已驅蟲除蚤
102/8/17 結紮、狂犬病疫苗
102/9/4 三合一預防針第一劑",臺北市流浪貓保護協會02-27261079,0227261079,jingyi@so-net.net.tw,可,可,3KG,http://163.29.39.183/uploads/images/medium/36981e27-4edc-4c29-82bd-a0eccc78f5f2.jpg
142,尖哨,雄,犬,中,成年,米克斯,動物救援,103010604,,未絕育,黑,"我是尖哨，我有一點害羞，
你願意包容我，當我的新主人嗎？！",臺北市動物之家 收容編號103010604,02-87913062,tcapoa8@mail.taipei.gov.tw,,,,http://163.29.39.183/uploads/images/medium/2f2c2527-ffe7-45a1-ac1e-950cc8f7a256.jpg
143,米老鼠,雌,犬,中,成年,米克斯,動物救援,102123002,,未絕育,黃,"削瘦

Hi~~~我是米老鼠
這張照片是正在聽志工姊姊的指令唷
我會乖乖坐下不躁動
這樣的狗狗適合你嗎?
可以先來跟我互動看看唷!",臺北市動物之家 收容編號102123002,02-87913062,tcapoa8@mail.taipei.gov.tw,,,,http://163.29.39.183/uploads/images/medium/cce67344-7754-4acc-8593-2b43e0fcee3f.jpg
144,地瓜,雄,貓,大,年輕,米克斯,動物救援,102111818,158097007474768,未絕育,黃虎斑,大家好!我是沒幾顆牙的地瓜，因為有點年紀了!加上牙齒不好，所以脾氣有些暴躁，如果您可以接納我，請快來帶我回家!讓我可以舒服自在的養老吧!!,臺北市動物之家 收容編號102111818,02-87913062,tcapoa8@mail.taipei.gov.tw,,,,http://163.29.39.183/uploads/images/medium/49f70f64-986f-4138-8938-6ec553234aa3.jpg
145,POLLY,雌,貓,小,年輕,米克斯,,102090204,,已絕育,虎斑白,"姓名:POLLY

性別:女生

個性:較文靜、之前差點死翹翹,已從鬼門關繞回來了,之後再調養會更加圓胖

註:認養人需年滿21歲,學生需家長同意,需能接受認養前家庭探訪(大台北地區優先)、確定認養時需能接受簽立認養切結書、晶片轉讓登記、捐款
",臺北市流浪貓保護協會,0227261079,jingyi@so-net.net.tw,可,可,2.5KG,http://163.29.39.183/uploads/images/medium/6e5324af-dbe2-489c-8d81-eda84cf7f1e7.jpg
147,堇咩咩,雌,貓,幼,幼齡,米克斯,,102081309,,未絕育,三花,"姓名:蘭堇(又名堇咩咩)

性別:任性的小女生

年紀:預估約102年1月-2月出生

個性自high活潑、不喜歡貓、會欺負大貓、非常愛玩、小時候被揀到時是失溫脫水、目前無健康上問題、個性比較自我為中心、會坐大腿跟舔人(但不喜歡被強迫抱)

已除蚤、已施打預防針

註:認養人需年滿21歲、學生需家長同意、需能接受認養前探訪(大台北地區優先)、需能接受簽立認養切結書、晶片登記",臺北市流浪貓保護協會,0227261079,jingyi@so-net.net.tw,可,不建議(會欺負貓),3KG,http://163.29.39.183/uploads/images/medium/0b3c6c13-ef38-4f83-af36-a738563393c4.jpg
148,佳佳,雌,犬,中,成年,米克斯,動物救援,102080116,,未絕育,黑,"我是愛笑的佳佳
笑起來是不是很甜美呀~~<3
個性溫馴的我在動物之家也待了一年多的時間
我已經完成絕育還有晶片的施打囉
趕快帶我回家陪伴你們吧!",臺北市動物之家 收容編號102080116,02-87913062,tcapoa8@mail.taipei.gov.tw,,,15KG,http://163.29.39.183/uploads/images/medium/d936346d-7f5d-412c-acbd-f9d2372b173d.jpg
149,蘭芝心,雄,貓,大,成年,米克斯,,102032906,,已絕育,黃白,"親人溫馴瞇瞇眼白指套橘子男生~蘭芝心

個性很乖又溫馴 會繞著人走來走去&叫人陪他玩
身材修長

已絕育,已點除蚤藥

註:認養人需年滿21歲,學生需家長同意,需能接受認養前探訪(大台北地區優先)
",臺北市流浪貓保護協會,0227261079,jingyi@so-net.net.tw,"可,太小的較不建議","可,貓",4-5KG,http://163.29.39.183/uploads/images/medium/424c28cb-34d9-4fe9-9bff-2f4a33236bcb.jpg
150,黑皮,雌,貓,中,年輕,米克斯,,102010301,,已絕育,黑,"親人、愛撒嬌、跳不高的黑皮(HAPPY)

絕對適合不喜歡貓跳太高、跑太快的家庭

小時候剛來協會時被黏鼠板黏到,花了好多時間才清理乾淨
後來又發生得了貓瘟,差點死翹翹
好在痊癒了,留下些後遺症-->後腳走路不太穩
現在是頭好壯壯的狀態,個性極好,非常親人,愛玩
個性活潑,親人,摸抱都不是問題

註:認養人需年滿21歲,學生需家長同意,需能接受認養前探訪(大台北地區優先)",臺北市流浪貓保護協會,0227261079,jingyi@so-net.net.tw,"可,太小的較不建議",可,3.5KG,http://163.29.39.183/uploads/images/medium/14aebc12-714b-4c27-8330-46e3a741ca8e.jpg
151,ARRY,雄,貓,大,成年,米克斯,,101122504,,已絕育,黑白,"姓名:ARRY(煙燻色乳牛)
性別:男生
年紀:預估100年4月生(101年6月報到預估2個月大)

介紹:體格健壯,,從小到大沒什麼太大的疾病,叫聲超可愛的,是""呀呀呀""不是喵喵叫、穿著一身煙燻色黑白禮服,體重約有5-6KG,愛玩,但個性害羞,會到定點討摸摸,但平常不會太主動撒嬌(比較內向害羞)
預估適應期1-2個月,熟了可摸可抱

較不適合新手,適合已養過貓的人,推薦給喜歡貓獨立但偶爾會來撒嬌的人

已絕育、已施打預防針、固定除蚤

認養人需年滿21歲,學生需家長同意,需能接受認養前探訪(大台北地區優先)

",臺北市流浪貓保護協會,0227261079,jingyi@so-net.net.tw,"可,太小的較不建議",,5-6KG,http://163.29.39.183/uploads/images/medium/910c5d37-5b9e-423a-ad15-301b790f73b2.jpg
152,ASSA,雄,貓,大,成年,米克斯,,101122503,,已絕育,黃白,"姓名:ASSA(白多)
性別:男生
年紀:預估100年4月生(101年6月報到預估2個月大)

介紹:體格健壯,從小到大沒什麼太大的疾病,有著像兔子一球的尾巴(是捲的),體重約有5-6KG,是個肌肉男,愛玩,但個性害羞,會到定點討摸摸,但平常不會太主動撒嬌(比較內向害羞),
預估適應期1-2個月,熟了可摸但不太給抱

較不適合新手,適合已養過貓的人,推薦給喜歡貓獨立但偶爾會來撒嬌的人

已絕育、已施打預防針、固定除蚤

認養人需年滿21歲,學生需家長同意,需能接受認養前探訪(大台北地區優先)

",臺北市流浪貓保護協會02-27261079,0227261079,jingyi@so-net.net.tw,"可,太小的較不建議",,5-6KG,http://163.29.39.183/uploads/images/medium/11b32ff2-0a27-4300-a6f7-91c12dadfa98.jpg
153,小穩,雌,貓,中,成年,米克斯,,101122502,,未絕育,咖啡,"姓名:混阿比的小穩
年紀:預估2007年生的(2008年8月報到已1歲)
個性:因為是混阿比西尼亞,有著阿比的外貌跟什麼事都要湊一腳的個性,非常喜歡人,很愛湊熱鬧的個性,走到那跟到那,非常適合喜歡貓陪著做事&生活的人,也因為這種個性,比較需要能較長時間給貓陪的人跟喜歡小貓個性的認養人,活潑、愛玩、像小孩子的個性,隨便一個逗貓棒或玩具就可以讓牠玩到瘋狂,不怕生,不怕貓(憨膽),家中有過小或年紀較長及行動不便者不適合
體格:從來時就眼睛有一隻霧霧,脊椎有點側彎,因為從小到成年都在籠子裡長大,導致牠走路都是用轉圈圈的方式在走,剛來時連跳台都不會跳,睡覺只會睡在砂盆裡,目前都會正確使用貓砂盆,也會用跳台了,已絕育

需年滿21歲,學生需家長同意,需能接受認養前探訪(大台北優先)",臺北市流浪貓保護協會,0227261079,jingyi@so-net.net.tw,"可,國小三年級以上較OK","可,貓",4KG,http://163.29.39.183/uploads/images/medium/6b1d24cb-135b-4b93-aa20-6f6b5d0d9d88.jpg
154,柔柔,雌,貓,大,成年,米克斯,,101100203,,已絕育,三花,"貓名:女王等級的柔柔
年紀:2007年來協會時已經是成貓了
個性:女王個性,活潑、個性某種程度上的親人(比較隨自己心意)、撒嬌時很撒嬌,不想被摸時會用抓或咬警告(力道會控制)
,可以從後面嬰兒抱&剪指甲,討厭人從正面來,適合只養一隻貓的人,可以接受貓有獨性個性者尤佳,不太適合家中有太小或太年長的家庭
其它:固定都有點除蚤藥(寵愛)
",臺北市流浪貓保護協會,0227261079,jingyi@so-net.net.tw,小學以下不建議,不可,4-5KG,http://163.29.39.183/uploads/images/medium/0964f982-df2d-45b8-a8e1-a58d43733c2a.jpg
155,阿胖,雌,貓,中,成年,米克斯,,101090504,,已絕育,黃白,"阿胖
愛玩,但是不會粘人,可以摸可以抱,但是抱了會大叫
五短身材的阿胖超可愛

新手認養可,但喜歡貓粘人的人較不適合
已絕育,已打預防針,除蚤

認養人需年滿21歲,學生需家長同意,需能接受認養前探訪",臺北市流浪貓保護協會,0227261079,jingyi@so-net.net.tw,,,3.8KG,http://163.29.39.183/uploads/images/medium/176f1b3b-5964-4f3f-8d45-8ddc67685dc1.jpg
156,蘭豆豆,雄,貓,大,成年,米克斯,,101082710,,已絕育,黑,"有兔子尾巴的蘭豆豆
豆豆有著線條帥氣的臉龐，一雙淡琥珀色的眼睛充滿了靈性，但身後卻是配上短短圓圓的兔子尾巴十分逗趣，個性親人，人一靠近就會東蹭西蹭想引起注意，但也可以很獨立地自己玩得不亦樂乎，對任何事物都很好奇，常常在送養中心到處探索！
能接受很皮,活動力強的貓的人為主,家中有老人及過小的小孩較不適合
,新手認養可
學生需家長同意,需能接受認養前探訪",臺北市流浪貓保護協會,0227261079,jingyi@so-net.net.tw,小學以下不建議,可,5KG,http://163.29.39.183/uploads/images/medium/4a3a7418-75dd-4991-893b-b22d4a1be796.jpg
157,蘭明,雄,貓,中,成年,米克斯,,101072605,,已絕育,虎斑,"個性淡定、適應環境快速、對人對貓都很和善的好好先生-蘭明

因為很親人很乖巧，因此從收容所接出後留在協會送養，適應各種環境都很快，跟其他貓咪相處也都很溫和，對人除了會翻肚撒嬌，任何人抱抱摸摸也都沒問題，還會表演特技用後腳站立給你看，是個性很穩定也很能自理的貓咪，預計可以很稱職地陪看電視或當伴讀小童。


認養人需年滿21歲、學生需家長同意、需能接受認養前探訪(大台北地區優先)、簽立認養切結書、晶片登記

http://mypet-club.com/phpBB3/viewtopic.php?f=86&t=25522",臺北市流浪貓保護協會02-27261079,0227261079,jingyi@so-net.net.tw,可,,5KG,http://163.29.39.183/uploads/images/medium/e96f63bc-bf21-4ff4-9c93-04641ecac52f.jpg
158,蘭心湄,雌,貓,小,年輕,米克斯,,101072602,,未絕育,黑白,"超喜歡表演翻肚肚給人看的乳牛女孩-蘭心湄
一開始是很緊張的怕怕貓，但經過一段時間的摸摸＆抱抱訓練後，現在已經不會那麼警戒了，對所有移動的物品都想伸手撈來玩，轉換環境較易緊張，認養人須要有耐心等她適應，也需要能適時與她互動增進感情。
適合已有養貓經驗,能處理緊張貓狀況的認養人
註:認養人需年滿21歲,學生需家長同意,需能接受認養前探訪(相親)",臺北市流浪貓保護協會,0227261079,jingyi@so-net.net.tw,高中以下不建議,可(貓),3KG,http://163.29.39.183/uploads/images/medium/ac7a6af1-fd06-4ce9-8cab-ad335177d519.jpg
